Site,DEL,Gov,nb cell 2G,nb cell 3G,nb cell 4G,nb cell FWBA
SFX1048,AGAREB,SFAX,5,5,6,0
SFX1049,AGAREB,SFAX,6,6,6,0
SFX1050,AGAREB,SFAX,5,9,0,0
SFX1053,AGAREB,SFAX,5,12,0,0
SFX1090,AGAREB,SFAX,5,9,0,0
SFX1147,AGAREB,SFAX,4,9,0,0
SFX1187,AGAREB,SFAX,4,12,0,0
SFX1224,AGAREB,SFAX,7,16,0,0
SFX1231,AGAREB,SFAX,6,12,0,0
JEN1004,AIN DRAHAM,JENDOUBA,6,12,6,0
JEN1009,AIN DRAHAM,JENDOUBA,3,9,0,0
JEN1024,AIN DRAHAM,JENDOUBA,5,12,0,0
JEN1038,AIN DRAHAM,JENDOUBA,3,6,0,0
JEN1041,AIN DRAHAM,JENDOUBA,7,18,0,0
JEN1042,AIN DRAHAM,JENDOUBA,6,12,0,0
JEN1054,AIN DRAHAM,JENDOUBA,4,11,0,0
JEN1060,AIN DRAHAM,JENDOUBA,3,9,0,0
JEN1067,AIN DRAHAM,JENDOUBA,5,12,0,0
SOS1009,AKOUDA,SOUSSE,6,13,6,0
SOS1027,AKOUDA,SOUSSE,8,19,8,0
SOS1039,AKOUDA,SOUSSE,6,12,6,0
SOS1042,AKOUDA,SOUSSE,5,15,6,0
SOS1063,AKOUDA,SOUSSE,7,12,0,6
SOS1064,AKOUDA,SOUSSE,6,15,6,0
SOS1072,AKOUDA,SOUSSE,7,18,8,0
SOS1098,AKOUDA,SOUSSE,6,15,6,0
SOS1111,AKOUDA,SOUSSE,6,12,0,0
SOS1146,AKOUDA,SOUSSE,6,12,6,0
SOS2034,AKOUDA,SOUSSE,#N/A,#N/A,#N/A,0
KAI1011,ALBA,KAIROUAN,4,4,0,0
KAI1031,ALBA,KAIROUAN,5,6,6,0
KAI1064,ALBA,KAIROUAN,5,16,0,0
BEJ1016,AMDOUN,BEJA,6,18,0,0
BEJ1027,AMDOUN,BEJA,6,12,0,0
BEJ1038,AMDOUN,BEJA,3,14,0,0
BEJ1052,AMDOUN,BEJA,6,16,0,0
SFX1046,AMRA,SFAX,6,2,0,0
SFX1083,AMRA,SFAX,5,6,6,0
TUN1281,ARIANA VILLE,ARIANA,3,12,6,0
TUN1024,ARIANA VILLE,ARIANA,6,12,8,6
TUN1025,ARIANA VILLE,ARIANA,5,16,8,6
TUN1028,ARIANA VILLE,ARIANA,6,20,8,6
TUN1029,ARIANA VILLE,ARIANA,6,18,9,6
TUN1043,ARIANA VILLE,ARIANA,5,18,9,6
TUN1046,ARIANA VILLE,ARIANA,4,12,6,0
TUN1067,ARIANA VILLE,ARIANA,3,9,6,6
TUN1092,ARIANA VILLE,ARIANA,4,8,8,6
TUN1131,ARIANA VILLE,ARIANA,6,16,6,6
TUN1134,ARIANA VILLE,ARIANA,3,15,6,6
TUN1142,ARIANA VILLE,ARIANA,6,12,9,6
TUN1143,ARIANA VILLE,ARIANA,4,18,9,6
TUN1177,ARIANA VILLE,ARIANA,4,12,6,6
TUN1179,ARIANA VILLE,ARIANA,6,15,9,6
TUN1195,ARIANA VILLE,ARIANA,3,12,3,6
TUN1214,ARIANA VILLE,ARIANA,3,6,0,0
TUN1225,ARIANA VILLE,ARIANA,6,15,9,6
TUN1241,ARIANA VILLE,ARIANA,3,12,6,4
TUN1271,ARIANA VILLE,ARIANA,4,12,6,6
TUN1272,ARIANA VILLE,ARIANA,5,9,6,6
TUN1297,ARIANA VILLE,ARIANA,5,9,6,6
TUN1360,ARIANA VILLE,ARIANA,3,12,0,6
TUN1383,ARIANA VILLE,ARIANA,5,15,9,6
TUN1400,ARIANA VILLE,ARIANA,5,12,9,6
TUN1466,ARIANA VILLE,ARIANA,5,6,9,6
TUN1475,ARIANA VILLE,ARIANA,5,15,9,6
TUN1487,ARIANA VILLE,ARIANA,3,9,6,0
TUN1681,ARIANA VILLE,ARIANA,4,16,0,0
TUN2092,ARIANA VILLE,ARIANA,1,1,0,0
TUN2181,ARIANA VILLE,ARIANA,#N/A,#N/A,#N/A,0
TUN2183,ARIANA VILLE,ARIANA,#N/A,#N/A,#N/A,0
TUN2221,ARIANA VILLE,ARIANA,1,1,0,0
TUN2111,ARIANA VILLE,ARIANA,#N/A,#N/A,#N/A,0
TUN2124,ARIANA VILLE,ARIANA,1,1,0,0
TUN2164,ARIANA VILLE,ARIANA,#N/A,#N/A,#N/A,0
TUN2187,ARIANA VILLE,ARIANA,#N/A,#N/A,#N/A,0
TUN2203,ARIANA VILLE,ARIANA,#N/A,#N/A,#N/A,0
TUN2204,ARIANA VILLE,ARIANA,#N/A,#N/A,#N/A,0
TUN1623,ARIANA VILLE,ARIANA,3,15,6,0
TUN1701,ARIANA VILLE,ARIANA,3,9,6,0
TUN2235,ARIANA VILLE,ARIANA,1,1,1,0
KAS1018,AYOUN,KASSERINE,3,9,0,0
TUN1001,BAB EL BHAR,TUNIS,6,12,9,0
TUN1002,BAB EL BHAR,TUNIS,6,15,6,6
TUN1003,BAB EL BHAR,TUNIS,6,15,9,6
TUN1004,BAB EL BHAR,TUNIS,6,9,6,0
TUN1005,BAB EL BHAR,TUNIS,5,9,9,6
TUN1006,BAB EL BHAR,TUNIS,5,16,6,6
TUN1049,BAB EL BHAR,TUNIS,5,6,9,6
TUN1050,BAB EL BHAR,TUNIS,6,12,6,6
TUN1052,BAB EL BHAR,TUNIS,6,15,6,6
TUN1053,BAB EL BHAR,TUNIS,6,15,6,0
TUN1054,BAB EL BHAR,TUNIS,6,12,9,0
TUN1057,BAB EL BHAR,TUNIS,6,16,6,0
TUN1063,BAB EL BHAR,TUNIS,6,9,9,6
TUN1139,BAB EL BHAR,TUNIS,4,6,0,0
TUN1277,BAB EL BHAR,TUNIS,6,12,9,0
TUN1327,BAB EL BHAR,TUNIS,6,15,6,6
TUN1328,BAB EL BHAR,TUNIS,6,12,9,6
TUN1329,BAB EL BHAR,TUNIS,2,4,0,0
TUN1368,BAB EL BHAR,TUNIS,5,12,9,6
TUN1448,BAB EL BHAR,TUNIS,5,15,6,0
TUN2018,BAB EL BHAR,TUNIS,1,1,0,0
TUN2031,BAB EL BHAR,TUNIS,1,1,0,0
TUN2033,BAB EL BHAR,TUNIS,2,2,0,0
TUN2034,BAB EL BHAR,TUNIS,1,0,0,0
TUN2077,BAB EL BHAR,TUNIS,1,2,0,0
TUN2082,BAB EL BHAR,TUNIS,#N/A,#N/A,#N/A,0
TUN2083,BAB EL BHAR,TUNIS,1,1,0,0
TUN2086,BAB EL BHAR,TUNIS,#N/A,#N/A,#N/A,0
TUN2093,BAB EL BHAR,TUNIS,#N/A,#N/A,#N/A,0
TUN2114,BAB EL BHAR,TUNIS,1,2,0,0
TUN2116,BAB EL BHAR,TUNIS,1,0,0,0
TUN2129,BAB EL BHAR,TUNIS,1,1,0,0
TUN2134,BAB EL BHAR,TUNIS,#N/A,#N/A,#N/A,0
TUN2135,BAB EL BHAR,TUNIS,1,1,0,0
TUN2138,BAB EL BHAR,TUNIS,#N/A,#N/A,#N/A,0
TUN2141,BAB EL BHAR,TUNIS,#N/A,#N/A,#N/A,0
TUN2142,BAB EL BHAR,TUNIS,#N/A,#N/A,#N/A,0
TUN2146,BAB EL BHAR,TUNIS,1,0,0,0
TUN2152,BAB EL BHAR,TUNIS,1,1,0,0
TUN2159,BAB EL BHAR,TUNIS,1,1,0,0
TUN2165,BAB EL BHAR,TUNIS,#N/A,#N/A,#N/A,0
TUN2170,BAB EL BHAR,TUNIS,1,0,0,0
TUN2195,BAB EL BHAR,TUNIS,#N/A,#N/A,#N/A,0
TUN2232,BAB EL BHAR,TUNIS,1,1,0,0
TUN2037,BAB EL BHAR,TUNIS,#N/A,#N/A,#N/A,0
TUN2094,BAB EL BHAR,TUNIS,#N/A,#N/A,#N/A,0
TUN2113,BAB EL BHAR,TUNIS,#N/A,#N/A,#N/A,0
TUN2117,BAB EL BHAR,TUNIS,#N/A,#N/A,#N/A,0
TUN2145,BAB EL BHAR,TUNIS,#N/A,#N/A,#N/A,0
TUN2173,BAB EL BHAR,TUNIS,1,2,2,0
TUN2196,BAB EL BHAR,TUNIS,#N/A,#N/A,#N/A,0
TUN2197,BAB EL BHAR,TUNIS,#N/A,#N/A,#N/A,0
TUN2207,BAB EL BHAR,TUNIS,#N/A,#N/A,#N/A,0
TUN1775,Bab El Bhar,TUNIS,4,12,8,0
TUN1037,BAB SOUIKA,TUNIS,7,8,8,0
TUN1051,BAB SOUIKA,TUNIS,6,15,9,0
TUN1144,BAB SOUIKA,TUNIS,4,15,0,0
TUN1145,BAB SOUIKA,TUNIS,6,15,6,0
TUN1224,BAB SOUIKA,TUNIS,6,18,9,0
TUN1396,BAB SOUIKA,TUNIS,6,15,6,0
TUN2115,BAB SOUIKA,TUNIS,1,0,0,0
TUN2169,BAB SOUIKA,TUNIS,1,0,0,0
TUN2106,BAB SOUIKA,TUNIS,#N/A,#N/A,#N/A,0
JEN1017,BALTA BOU AOUANE,JENDOUBA,6,15,6,0
JEN1033,BALTA BOU AOUANE,JENDOUBA,6,11,0,0
JEN1059,BALTA BOU AOUANE,JENDOUBA,6,15,0,0
TUN1036,BARDO,TUNIS,#N/A,#N/A,#N/A,0
TUN1096,BARDO,TUNIS,5,16,9,6
TUN1097,BARDO,TUNIS,5,9,6,6
TUN1098,BARDO,TUNIS,5,15,9,6
TUN1099,BARDO,TUNIS,6,15,6,0
TUN1100,BARDO,TUNIS,6,18,9,6
TUN1112,BARDO,TUNIS,6,16,12,6
TUN1168,BARDO,TUNIS,6,15,9,6
TUN1207,BARDO,TUNIS,4,15,9,0
TUN1243,BARDO,TUNIS,3,12,9,6
TUN1248,BARDO,TUNIS,5,9,0,6
TUN1249,BARDO,TUNIS,4,15,9,6
TUN1260,BARDO,TUNIS,7,20,12,0
TUN1284,BARDO,TUNIS,5,9,6,0
TUN1307,BARDO,TUNIS,5,16,0,6
TUN1312,BARDO,TUNIS,5,9,0,0
TUN1352,BARDO,TUNIS,4,18,6,0
TUN1398,BARDO,TUNIS,5,15,6,6
TUN1457,BARDO,TUNIS,6,12,9,6
TUN2119,BARDO,TUNIS,1,1,0,0
TUN1766,BARDO,TUNIS,6,9,9,0
TUN1077,BARDO,Tunis,4,16,0,0
SLO1021,BARGOU,SILIANA,4,6,0,0
SLO1036,BARGOU,SILIANA,6,9,0,0
SLO1057,BARGOU,SILIANA,6,9,0,0
SLT1060,BARGOU,SILIANA,6,9,0,0
SLT1062,BARGOU,SILIANA,6,9,0,0
SLT1093,BARGOU,SILIANA,6,9,0,0
BEJ1056,BEJA,BEJA,3,12,9,0
BEJ1006,BEJA NORD,BEJA,4,11,4,0
BEJ1007,BEJA NORD,BEJA,6,21,6,0
BEJ1008,BEJA NORD,BEJA,6,16,6,0
BEJ1021,BEJA NORD,BEJA,3,8,0,0
BEJ1022,BEJA NORD,BEJA,4,10,0,0
BEJ1023,BEJA NORD,BEJA,4,12,0,0
BEJ1024,BEJA NORD,BEJA,6,12,0,0
BEJ1051,BEJA NORD,BEJA,5,13,0,0
BEJ1063,BEJA NORD,BEJA,4,12,8,0
BEJ1068,BEJA NORD,BEJA,4,14,8,0
BEJ1076,BEJA NORD,BEJA,3,12,6,0
BEJ1054,BEJA NORD,BEJA,3,9,9,0
BEJ1009,BEJA SUD,BEJA,5,#N/A,#N/A,0
BEJ1010,BEJA SUD,BEJA,5,#N/A,#N/A,0
BEJ1011,BEJA SUD,BEJA,6,18,0,0
BEJ1012,BEJA SUD,BEJA,5,12,0,0
BEJ1026,BEJA SUD,BEJA,8,17,8,0
BEJ1032,BEJA SUD,BEJA,4,10,2,0
BEJ1045,BEJA SUD,BEJA,4,12,0,0
BEJ1048,BEJA SUD,BEJA,6,12,0,0
BEJ1049,BEJA SUD,BEJA,6,17,0,0
BEJ2001,BEJA SUD,BEJA,1,1,1,0
BEJ1077,BEJA SUD,BEJA,6,15,6,0
BEJ1078,BEJA SUD,BEJA,8,17,8,0
MAH1010,BEKALTA,MONASTIR,6,16,6,0
MAH1011,BEKALTA,MONASTIR,4,8,2,0
MAH1036,BEKALTA,MONASTIR,5,15,6,0
GAF1023,BELKHIR,GAFSA,6,12,6,0
GAF1053,BELKHIR,GAFSA,5,18,0,0
MON1015,BEMBLA,MONASTIR,6,16,6,0
MON1031,BEMBLA,MONASTIR,5,15,6,0
MON1032,BEMBLA,MONASTIR,6,14,6,0
MON1034,BEMBLA,MONASTIR,2,8,0,0
MON1042,BEMBLA,MONASTIR,5,13,6,0
BAR1007,BEN AROUS,BEN AROUS,6,18,6,6
BAR1014,BEN AROUS,BEN AROUS,6,15,9,0
BAR1037,BEN AROUS,BEN AROUS,6,12,9,0
BAR1054,BEN AROUS,BEN AROUS,6,12,9,0
BAR1056,BEN AROUS,BEN AROUS,6,12,9,0
BAR1057,BEN AROUS,BEN AROUS,6,6,0,0
BAR1058,BEN AROUS,BEN AROUS,6,15,9,6
BAR1079,BEN AROUS,BEN AROUS,4,9,6,0
BAR1098,BEN AROUS,BEN AROUS,5,12,9,0
BAR1125,BEN AROUS,BEN AROUS,5,9,6,0
BAR1137,BEN AROUS,BEN AROUS,4,9,0,0
BAR1141,BEN AROUS,BEN AROUS,4,9,0,0
BAR1167,BEN AROUS,BEN AROUS,5,12,9,6
BAR1198,BEN AROUS,BEN AROUS,5,12,0,6
BAR1062,BEN AROUS,BEN AROUS,#N/A,#N/A,#N/A,0
MED1056,BEN GUERDANE,MEDNINE,6,17,6,0
MED1057,BEN GUERDANE,MEDNINE,6,17,6,0
MED1059,BEN GUERDANE,MEDNINE,3,14,6,0
MED1060,BEN GUERDANE,MEDNINE,6,22,8,0
MED1061,BEN GUERDANE,MEDNINE,4,10,6,0
MED1071,BEN GUERDANE,MEDNINE,3,12,0,0
MED1072,BEN GUERDANE,MEDNINE,6,1,6,0
MED1082,BEN GUERDANE,MEDNINE,6,15,6,0
MED1087,BEN GUERDANE,MEDNINE,6,15,6,0
MED1088,BEN GUERDANE,MEDNINE,5,14,6,0
MED1099,BEN GUERDANE,MEDNINE,6,15,6,0
MED1100,BEN GUERDANE,MEDNINE,4,14,6,0
MED1103,BEN GUERDANE,MEDNINE,3,5,0,0
MED1104,BEN GUERDANE,MEDNINE,3,10,0,0
MED1105,BEN GUERDANE,MEDNINE,3,6,0,0
MED1106,BEN GUERDANE,MEDNINE,2,6,4,0
MED1117,BEN GUERDANE,MEDNINE,5,15,6,0
MED1126,BEN GUERDANE,MEDNINE,6,17,6,0
MED1127,BEN GUERDANE,MEDNINE,5,15,6,0
MED1150,BEN GUERDANE,MEDNINE,3,12,6,0
MED1151,BEN GUERDANE,MEDNINE,3,9,6,0
MED1152,BEN GUERDANE,MEDNINE,4,12,8,0
MED1165,BEN GUERDANE,MEDNINE,3,12,6,0
MON1030,BENI HASSEN,MONASTIR,5,#N/A,#N/A,0
MON1095,BENI HASSEN,MONASTIR,5,14,0,0
NAB1028,BENI KHALLED,NABEUL,6,15,6,0
NAB1029,BENI KHALLED,NABEUL,4,10,4,0
NAB1099,BENI KHALLED,NABEUL,6,17,6,0
NAB1121,BENI KHALLED,NABEUL,5,15,0,0
NAB1141,BENI KHALLED,NABEUL,7,18,8,0
NAB1166,BENI KHALLED,NABEUL,6,13,6,0
NAB1167,BENI KHALLED,NABEUL,6,16,6,0
NAB2063,BENI KHALLED,NABEUL,1,1,0,0
MED1062,BENI KHEDECHE,MEDNINE,6,15,0,0
MED1063,BENI KHEDECHE,MEDNINE,6,16,3,0
MED1064,BENI KHEDECHE,MEDNINE,6,6,0,0
MED1078,BENI KHEDECHE,MEDNINE,3,12,0,0
MED1081,BENI KHEDECHE,MEDNINE,3,12,0,0
MED1089,BENI KHEDECHE,MEDNINE,3,12,0,0
MED1098,BENI KHEDECHE,MEDNINE,4,10,0,0
MED1108,BENI KHEDECHE,MEDNINE,5,14,0,0
MED1109,BENI KHEDECHE,MEDNINE,4,18,0,0
MED1110,BENI KHEDECHE,MEDNINE,4,15,0,0
MED1111,BENI KHEDECHE,MEDNINE,3,12,0,0
MED1131,BENI KHEDECHE,MEDNINE,5,18,0,0
NAB1030,BENI KHIAR,NABEUL,4,12,4,0
NAB1038,BENI KHIAR,NABEUL,4,10,0,0
NAB1041,BENI KHIAR,NABEUL,6,15,6,0
NAB1043,BENI KHIAR,NABEUL,5,13,3,0
NAB1071,BENI KHIAR,NABEUL,6,12,0,0
NAB1123,BENI KHIAR,NABEUL,5,#N/A,#N/A,0
NAB1124,BENI KHIAR,NABEUL,5,15,0,0
NAB1126,BENI KHIAR,NABEUL,5,6,0,0
NAB1203,BENI KHIAR,NABEUL,6,12,6,0
NAB1204,BENI KHIAR,NABEUL,5,15,6,0
NAB1217,BENI KHIAR,NABEUL,6,12,6,0
NAB1229,BENI KHIAR,NABEUL,6,9,0,0
SBO1012,BIR ALI BEN KHLIFA,SFAX,5,15,0,0
SFX1051,BIR ALI BEN KHLIFA,SFAX,6,11,6,0
SFX1059,BIR ALI BEN KHLIFA,SFAX,4,6,0,0
SFX1060,BIR ALI BEN KHLIFA,SFAX,4,9,0,0
SFX1158,BIR ALI BEN KHLIFA,SFAX,3,9,0,0
SFX1190,BIR ALI BEN KHLIFA,SFAX,6,11,0,0
SBO1005,BIR EL HFAY,SIDI BOUZID,4,15,6,0
SBO1037,BIR EL HFAY,SIDI BOUZID,3,15,0,0
SBO1044,BIR EL HFAY,SIDI BOUZID,5,16,0,0
TAT1002,BIR LAHMAR,TATAOUINE,8,18,8,0
TAT1019,BIR LAHMAR,TATAOUINE,2,4,0,0
ZGO1007,BIR M'CHERGUA,ZAGHOUAN,6,9,0,0
ZGO1018,BIR M'CHERGUA,ZAGHOUAN,5,12,0,0
ZGO1019,BIR M'CHERGUA,ZAGHOUAN,8,12,0,0
ZGO1020,BIR M'CHERGUA,ZAGHOUAN,5,9,0,0
ZGO1021,BIR M'CHERGUA,ZAGHOUAN,7,12,8,0
ZGO1028,BIR M'CHERGUA,ZAGHOUAN,4,9,0,0
ZGT1061,BIR M'CHERGUA,ZAGHOUAN,3,3,0,0
ZGT1070,BIR M'CHERGUA,ZAGHOUAN,6,9,0,0
ZGT1072,BIR M'CHERGUA,ZAGHOUAN,7,12,0,0
ZGT1074,BIR M'CHERGUA,ZAGHOUAN,5,9,0,0
ZGT1076,BIR M'CHERGUA,ZAGHOUAN,3,9,0,0
ZGT1077,BIR M'CHERGUA,ZAGHOUAN,6,3,0,0
ZAG1008,BIR M'CHERGUA,ZAGHOUAN,#N/A,#N/A,#N/A,0
BIZ1006,BIZERTE NORD,BIZERTE,3,11,4,4
BIZ1007,BIZERTE NORD,BIZERTE,3,10,4,4
BIZ1008,BIZERTE NORD,BIZERTE,4,12,3,0
BIZ1009,BIZERTE NORD,BIZERTE,4,10,2,4
BIZ1011,BIZERTE NORD,BIZERTE,4,15,6,6
BIZ1012,BIZERTE NORD,BIZERTE,6,16,8,6
BIZ1034,BIZERTE NORD,BIZERTE,6,17,6,6
BIZ1035,BIZERTE NORD,BIZERTE,5,15,3,6
BIZ1038,BIZERTE NORD,BIZERTE,6,15,6,6
BIZ1039,BIZERTE NORD,BIZERTE,6,15,6,6
BIZ1049,BIZERTE NORD,BIZERTE,5,15,6,6
BIZ1061,BIZERTE NORD,BIZERTE,4,16,6,6
BIZ1062,BIZERTE NORD,BIZERTE,4,16,6,0
BIZ1079,BIZERTE NORD,BIZERTE,3,15,6,6
BIZ1089,BIZERTE NORD,BIZERTE,5,15,0,0
BIZ1090,BIZERTE NORD,BIZERTE,3,15,6,0
BIZ1092,BIZERTE NORD,BIZERTE,4,16,6,6
BIZ1093,BIZERTE NORD,BIZERTE,5,15,6,0
BIZ1094,BIZERTE NORD,BIZERTE,5,16,6,0
BIZ1095,BIZERTE NORD,BIZERTE,5,15,6,6
BIZ1104,BIZERTE NORD,BIZERTE,5,15,6,6
BIZ1112,BIZERTE NORD,BIZERTE,4,15,0,0
BIZ1132,BIZERTE NORD,BIZERTE,6,20,0,0
BIZ1501,BIZERTE NORD,BIZERTE,6,16,6,0
BIZ2007,BIZERTE NORD,BIZERTE,1,1,0,0
BIZ2008,BIZERTE NORD,BIZERTE,1,1,0,0
BIZ1133,BIZERTE NORD,BIZERTE,5,15,0,0
BIZ1149,BIZERTE NORD,BIZERTE,3,12,9,0
BIZ1025,BIZERTE SUD,BIZERTE,6,18,6,6
BIZ1037,BIZERTE SUD,BIZERTE,6,17,6,0
BIZ1052,BIZERTE SUD,BIZERTE,4,12,0,0
BIZ1067,BIZERTE SUD,BIZERTE,5,17,3,0
BIZ1082,BIZERTE SUD,BIZERTE,8,23,8,0
BIZ1085,BIZERTE SUD,BIZERTE,3,6,0,0
BIZ1087,BIZERTE SUD,BIZERTE,4,20,0,0
BIZ1096,BIZERTE SUD,BIZERTE,5,15,6,0
BIZ1102,BIZERTE SUD,BIZERTE,6,16,6,0
BIZ1122,BIZERTE SUD,BIZERTE,8,24,8,0
TUN1109,BORJ EL AMRI,MANOUBA,8,16,8,0
SLO1003,BOU ARADA,SILIANA,6,9,6,0
SLO1015,BOU ARADA,SILIANA,6,9,0,0
SLO1026,BOU ARADA,SILIANA,4,6,0,0
SLO1042,BOU ARADA,SILIANA,6,9,0,0
SLO1046,BOU ARADA,SILIANA,6,9,0,0
SLT1065,BOU ARADA,SILIANA,6,9,0,0
SIL1003,BOU ARADA,SILIANA,#N/A,#N/A,#N/A,0
SIL1015,BOU ARADA,SILIANA,#N/A,#N/A,#N/A,0
SIL1046,BOU ARADA,SILIANA,#N/A,#N/A,#N/A,0
NAB1013,BOU ARGOUB,NABEUL,6,17,6,0
NAB1016,BOU ARGOUB,NABEUL,4,9,0,0
NAB1031,BOU ARGOUB,NABEUL,6,17,0,0
NAB1122,BOU ARGOUB,NABEUL,5,14,6,0
NAB1156,BOU ARGOUB,NABEUL,6,16,6,0
MAH1004,BOU MERDES,MAHDIA,6,15,0,0
MAH1024,BOU MERDES,MAHDIA,8,21,8,0
MAH1043,BOU MERDES,MAHDIA,6,13,6,0
MAH1045,BOU MERDES,MAHDIA,6,18,6,0
MAH1057,BOU MERDES,MAHDIA,4,12,0,0
MAH1061,BOU MERDES,MAHDIA,6,18,0,0
MAH1083,BOU MERDES,MAHDIA,8,16,0,0
BAR1033,BOU MHEL,BEN AROUS,6,18,9,6
BAR1123,BOU MHEL,BEN AROUS,3,15,9,0
BAR1200,BOU MHEL,BEN AROUS,4,12,6,0
BAR1113,BOU MHEL EL BASSATINE,BEN AROUS,4,16,12,0
SLO1045,BOU ROUIS,SILIANA,6,9,0,0
SLT1064,BOU ROUIS,SILIANA,6,9,0,0
SLT1081,BOU ROUIS,SILIANA,6,9,0,0
SLT1092,BOU ROUIS,SILIANA,6,11,0,0
SIL1008,BOU ROUIS,SILIANA,#N/A,#N/A,#N/A,0
SLT1087,BOU ROUIS,SILIANA,6,9,0,0
SLO1008,BOU ROUIS,SILIANA,6,15,0,0
JEN1012,BOU SALEM,JENDOUBA,6,13,0,0
JEN1018,BOU SALEM,JENDOUBA,6,14,6,0
JEN1031,BOU SALEM,JENDOUBA,7,16,0,0
JEN1032,BOU SALEM,JENDOUBA,6,15,6,0
JEN1043,BOU SALEM,JENDOUBA,6,12,6,0
JEN1044,BOU SALEM,JENDOUBA,6,15,6,0
NAB1060,BOUFICHA,SOUSSE,5,15,3,0
NAB1160,BOUFICHA,SOUSSE,4,6,4,0
NAB1161,BOUFICHA,SOUSSE,6,15,6,0
SOS1013,BOUFICHA,SOUSSE,6,18,6,0
SOS1043,BOUFICHA,SOUSSE,4,10,0,0
SOS1079,BOUFICHA,SOUSSE,6,15,6,0
SOS1094,BOUFICHA,SOUSSE,4,12,4,0
SOS1117,BOUFICHA,SOUSSE,5,6,0,0
SOS1128,BOUFICHA,SOUSSE,5,15,6,0
TUN1655,CARTHAGE,TUNIS,6,12,6,0
TUN1021,CARTHAGE,TUNIS,2,8,0,0
TUN1022,CARTHAGE,TUNIS,8,16,8,0
TUN1023,CARTHAGE,TUNIS,4,12,8,0
TUN1081,CARTHAGE,TUNIS,3,9,6,0
TUN1135,CARTHAGE,TUNIS,#N/A,#N/A,#N/A,0
TUN1196,CARTHAGE,TUNIS,4,6,4,0
TUN1200,CARTHAGE,TUNIS,4,6,4,0
TUN1210,CARTHAGE,TUNIS,3,9,6,0
TUN1220,CARTHAGE,TUNIS,6,9,6,0
TUN1287,CARTHAGE,TUNIS,4,12,9,0
TUN1399,CARTHAGE,TUNIS,3,12,6,6
TUN1613,CARTHAGE,TUNIS,4,12,6,6
TUN1744,CARTHAGE,TUNIS,5,16,9,0
TUN2008,CARTHAGE,TUNIS,1,1,0,0
TUN2009,CARTHAGE,TUNIS,1,2,0,0
TUN2216,CARTHAGE,TUNIS,1,1,1,0
TUN1118,CARTHAGE,TUNIS,#N/A,#N/A,#N/A,0
KAI1010,CHBIKA,KAIROUAN,5,4,4,0
KAI1020,CHBIKA,KAIROUAN,5,2,0,0
KAI1049,CHBIKA,KAIROUAN,3,12,0,0
KAI1077,CHBIKA,KAIROUAN,3,12,0,0
KAI1079,CHBIKA,KAIROUAN,5,6,0,0
MAH1014,CHEBBA,MAHDIA,5,16,6,0
MAH1033,CHEBBA,MAHDIA,6,15,6,0
MAH1040,CHEBBA,MAHDIA,6,15,0,0
MAH1052,CHEBBA,MAHDIA,6,15,6,0
MAH1070,CHEBBA,MAHDIA,6,14,0,0
MAH1117,CHEBBA,MAHDIA,6,12,0,0
MAH1027,CHORBANE,MAHDIA,7,20,8,0
MAH1053,CHORBANE,MAHDIA,6,18,3,0
MAH1063,CHORBANE,MAHDIA,8,24,8,0
KAI1015,CHRARDA,KAIROUAN,6,6,6,0
KAI1023,CHRARDA,KAIROUAN,6,1,0,0
KAI1027,CHRARDA,KAIROUAN,3,2,0,0
KAI1074,CHRARDA,KAIROUAN,6,18,0,0
TUN1276,CITE EL KHADRA,TUNIS,5,12,6,0
TUN1661,CITE EL KHADRA,TUNIS,6,9,5,0
TUN1010,CITE EL KHADRA,TUNIS,2,6,0,4
TUN1011,CITE EL KHADRA,TUNIS,3,8,6,0
TUN1012,CITE EL KHADRA,TUNIS,3,16,9,6
TUN1013,CITE EL KHADRA,TUNIS,4,6,9,6
TUN1014,CITE EL KHADRA,TUNIS,6,12,9,6
TUN1015,CITE EL KHADRA,TUNIS,4,12,6,0
TUN1016,CITE EL KHADRA,TUNIS,8,16,12,6
TUN1044,CITE EL KHADRA,TUNIS,6,9,6,0
TUN1045,CITE EL KHADRA,TUNIS,5,12,6,6
TUN1048,CITE EL KHADRA,TUNIS,6,9,6,6
TUN1080,CITE EL KHADRA,TUNIS,6,9,9,6
TUN1140,CITE EL KHADRA,TUNIS,4,9,6,0
TUN1204,CITE EL KHADRA,TUNIS,6,15,9,6
TUN1227,CITE EL KHADRA,TUNIS,4,6,6,6
TUN1229,CITE EL KHADRA,TUNIS,5,12,9,6
TUN1230,CITE EL KHADRA,TUNIS,5,12,6,6
TUN1231,CITE EL KHADRA,TUNIS,4,9,6,6
TUN1232,CITE EL KHADRA,TUNIS,5,12,9,0
TUN1290,CITE EL KHADRA,TUNIS,4,9,0,6
TUN1293,CITE EL KHADRA,TUNIS,6,9,6,6
TUN1305,CITE EL KHADRA,TUNIS,6,12,6,0
TUN1311,CITE EL KHADRA,TUNIS,3,4,4,4
TUN1342,CITE EL KHADRA,TUNIS,6,9,3,0
TUN1346,CITE EL KHADRA,TUNIS,5,12,9,6
TUN1372,CITE EL KHADRA,TUNIS,5,12,6,0
TUN1373,CITE EL KHADRA,TUNIS,8,16,12,0
TUN1406,CITE EL KHADRA,TUNIS,5,12,9,6
TUN1420,CITE EL KHADRA,TUNIS,4,12,0,0
TUN1461,CITE EL KHADRA,TUNIS,5,12,6,0
TUN1490,CITE EL KHADRA,TUNIS,3,9,6,0
TUN1501,CITE EL KHADRA,TUNIS,6,15,6,0
TUN2015,CITE EL KHADRA,TUNIS,2,4,0,0
TUN2019,CITE EL KHADRA,TUNIS,2,4,0,0
TUN2021,CITE EL KHADRA,TUNIS,1,1,0,0
TUN2051,CITE EL KHADRA,TUNIS,1,2,0,0
TUN2052,CITE EL KHADRA,TUNIS,1,2,0,0
TUN2060,CITE EL KHADRA,TUNIS,1,2,0,0
TUN2061,CITE EL KHADRA,TUNIS,1,2,0,0
TUN2122,CITE EL KHADRA,TUNIS,1,1,0,0
TUN2178,CITE EL KHADRA,TUNIS,1,1,0,0
TUN2191,CITE EL KHADRA,TUNIS,#N/A,#N/A,#N/A,0
TUN2212,CITE EL KHADRA,TUNIS,2,2,0,0
TUN2502,CITE EL KHADRA,TUNIS,1,3,0,0
TUN2058,CITE EL KHADRA,TUNIS,1,1,0,0
TUN2153,CITE EL KHADRA,TUNIS,1,0,0,0
TUN2192,CITE EL KHADRA,TUNIS,#N/A,#N/A,#N/A,0
TUN2214,CITE EL KHADRA,TUNIS,#N/A,#N/A,#N/A,0
TUN2501,CITE EL KHADRA,TUNIS,1,3,0,0
TUN2230,CITE EL KHADRA,TUNIS,#N/A,#N/A,#N/A,0
TUN1804,CITE EL KHADRA,TUNIS,4,16,12,0
TUN1173,CITE ETTADHAMEN,ARIANA,6,17,6,0
TUN1085,CITE ETTADHAMEN,ARIANA,5,12,9,6
TUN1086,CITE ETTADHAMEN,ARIANA,6,18,9,6
TUN1087,CITE ETTADHAMEN,ARIANA,6,18,9,6
TUN1130,CITE ETTADHAMEN,ARIANA,6,18,9,6
TUN1172,CITE ETTADHAMEN,ARIANA,4,9,6,0
TUN1174,CITE ETTADHAMEN,ARIANA,6,18,6,6
TUN1175,CITE ETTADHAMEN,ARIANA,6,9,6,6
TUN1387,CITE ETTADHAMEN,ARIANA,6,15,9,6
TUN1411,CITE ETTADHAMEN,ARIANA,6,18,9,0
TUN2110,CITE ETTADHAMEN,ARIANA,#N/A,#N/A,#N/A,0
TUN1431,CITE ETTADHAMEN,ARIANA,3,9,9,0
TUN1718,CITE ETTADHAMEN,ARIANA,6,9,9,0
TUN1809,CITE ETTADHAMEN,ARIANA,6,9,9,0
KEF1006,DAHMANI,KEF,6,15,6,0
KEF1016,DAHMANI,KEF,5,12,0,0
KEF1040,DAHMANI,KEF,3,6,0,0
KEF1041,DAHMANI,KEF,5,11,0,0
KEF1045,DAHMANI,KEF,2,6,0,0
NAB1008,DAR CHAABANE,NABEUL,6,12,6,6
NAB1009,DAR CHAABANE,NABEUL,6,18,6,0
NAB1102,DAR CHAABANE,NABEUL,8,17,8,6
NAB1112,DAR CHAABANE,NABEUL,4,12,0,0
NAB1168,DAR CHAABANE,NABEUL,6,12,6,0
NAB1192,DAR CHAABANE,NABEUL,6,15,6,0
NAB1193,DAR CHAABANE,NABEUL,5,15,6,6
NAB1208,DAR CHAABANE,NABEUL,6,17,6,6
NAB1260,DAR CHAABANE,NABEUL,3,12,9,0
TOZ1006,DEGUECHE,TOZEUR,5,13,0,0
TOZ1008,DEGUECHE,TOZEUR,6,11,0,0
TOZ1009,DEGUECHE,TOZEUR,6,12,6,0
TOZ1013,DEGUECHE,TOZEUR,4,4,0,0
TAT1018,DHIBA,TATAOUINE,6,13,6,0
TAT1044,DHIBA,TATAOUINE,8,20,0,0
TAT1049,DHIBA,TATAOUINE,4,18,0,0
TAT1056,DHIBA,TATAOUINE,3,12,0,0
BAR1041,DJEBEL DJELOUD,TUNIS,5,15,6,0
BAR1097,DJEBEL DJELOUD,TUNIS,5,18,9,0
BAR1130,DJEBEL DJELOUD,TUNIS,5,12,6,0
SFX1045,DJEBENIANA,SFAX,6,6,6,0
SFX1082,DJEBENIANA,SFAX,5,2,6,0
SFX1093,DJEBENIANA,SFAX,6,6,6,0
SFX1149,DJEBENIANA,SFAX,5,6,6,0
SFX1162,DJEBENIANA,SFAX,7,12,0,0
SFX1191,DJEBENIANA,SFAX,8,6,8,0
TUN1122,DJEDAIDA,MANOUBA,3,8,0,0
TUN1203,DJEDAIDA,MANOUBA,6,10,0,0
TUN1211,DJEDAIDA,MANOUBA,5,9,3,0
TUN1361,DJEDAIDA,MANOUBA,8,16,12,0
TUN1412,DJEDAIDA,MANOUBA,5,12,9,0
TUN1438,DJEDAIDA,MANOUBA,5,18,9,0
TUN1474,DJEDAIDA,MANOUBA,7,12,12,0
KEF1009,DJERISSA,KEF,5,12,6,0
KEF1031,DJERISSA,KEF,3,6,0,0
BIZ1036,DJOUMINE,BIZERTE,6,18,0,0
BIZ1084,DJOUMINE,BIZERTE,6,12,0,0
BIZ1103,DJOUMINE,BIZERTE,5,16,0,0
BIZ1114,DJOUMINE,BIZERTE,7,16,0,0
BIZ1116,DJOUMINE,BIZERTE,7,16,0,0
BIZ1126,DJOUMINE,BIZERTE,6,18,0,0
TUN1091,DOUAR HICHER,MANOUBA,6,16,9,6
TUN1126,DOUAR HICHER,MANOUBA,5,15,9,0
TUN1264,DOUAR HICHER,MANOUBA,4,15,9,0
TUN1265,DOUAR HICHER,MANOUBA,6,16,9,0
TUN1280,DOUAR HICHER,MANOUBA,4,9,6,0
TUN1341,DOUAR HICHER,MANOUBA,5,16,9,0
TUN1348,DOUAR HICHER,MANOUBA,7,20,9,6
TUN1413,DOUAR HICHER,MANOUBA,7,20,12,6
TUN1434,DOUAR HICHER,MANOUBA,5,16,12,0
TUN1435,DOUAR HICHER,MANOUBA,5,16,9,0
TUN1437,DOUAR HICHER,MANOUBA,6,12,0,0
KEB1010,DOUZ,KEBILI,6,17,6,0
KEB1011,DOUZ,KEBILI,8,18,8,0
KEB1012,DOUZ,KEBILI,5,15,6,0
KEB1015,DOUZ,KEBILI,4,11,0,0
KEB1017,DOUZ,KEBILI,2,4,0,0
KEB1020,DOUZ,KEBILI,3,6,0,0
KEB1022,DOUZ,KEBILI,5,12,6,0
KEB1024,DOUZ,KEBILI,5,13,0,0
KEB1029,DOUZ,KEBILI,4,14,6,0
KEB1040,DOUZ,KEBILI,4,4,0,0
KEB1016,DOUZ,KEBILI,2,4,0,0
KEB1045,DOUZ,KEBILI,4,16,12,0
BIZ1001,EL ALIA,BIZERTE,4,17,6,0
BIZ1058,EL ALIA,BIZERTE,5,5,0,0
BIZ1099,EL ALIA,BIZERTE,3,6,0,0
BIZ1110,EL ALIA,BIZERTE,3,12,0,0
BIZ1119,EL ALIA,BIZERTE,4,16,6,0
SFX1347,EL AMRA,SFAX,3,9,9,0
SLO1035,EL AROUSSA,SILIANA,6,9,0,0
SLO1043,EL AROUSSA,SILIANA,6,9,0,0
SLT1082,EL AROUSSA,SILIANA,8,12,0,0
TUN1279,EL BATTANE,MANOUBA,5,12,6,0
TUN1314,EL BATTANE,MANOUBA,4,11,0,0
TUN1446,EL BATTANE,MANOUBA,2,6,0,0
ZGO1009,EL FAHS,ZAGHOUAN,6,9,6,0
ZGO1010,EL FAHS,ZAGHOUAN,5,9,6,0
ZGO1012,EL FAHS,ZAGHOUAN,5,9,0,0
ZGT1052,EL FAHS,ZAGHOUAN,4,3,0,0
ZGT1053,EL FAHS,ZAGHOUAN,4,3,0,0
ZGT1054,EL FAHS,ZAGHOUAN,6,9,0,0
ZGT1056,EL FAHS,ZAGHOUAN,5,9,0,0
ZGT1057,EL FAHS,ZAGHOUAN,6,9,0,0
ZGT1058,EL FAHS,ZAGHOUAN,7,12,0,0
ZGT1062,EL FAHS,ZAGHOUAN,3,9,0,0
KEB1013,EL FAOUAR,KEBILI,7,18,8,0
KEB1014,EL FAOUAR,KEBILI,4,13,0,0
KEB1018,EL FAOUAR,KEBILI,2,6,0,0
KEB1019,EL FAOUAR,KEBILI,3,10,0,0
KEB1026,EL FAOUAR,KEBILI,4,12,0,0
KEB1031,EL FAOUAR,KEBILI,4,11,0,0
NAB1023,EL HAOUARIA,NABEUL,3,#N/A,#N/A,0
NAB1089,EL HAOUARIA,NABEUL,5,16,6,0
NAB1090,EL HAOUARIA,NABEUL,8,20,8,0
NAB1091,EL HAOUARIA,NABEUL,4,22,4,0
NAB1095,EL HAOUARIA,NABEUL,6,15,6,0
NAB1109,EL HAOUARIA,NABEUL,3,6,0,0
NAB1110,EL HAOUARIA,NABEUL,5,12,0,0
NAB1172,EL HAOUARIA,NABEUL,5,16,0,0
NAB1173,EL HAOUARIA,NABEUL,8,16,4,0
NAB1185,EL HAOUARIA,NABEUL,6,17,6,0
NAB1279,EL HAOUARIA,NABEUL,6,13,6,0
TUN1621,EL HRAIRIA,TUNIS,4,12,6,0
TUN1128,EL HRAIRIA,TUNIS,6,9,6,0
TUN1129,EL HRAIRIA,TUNIS,6,12,6,6
TUN1156,EL HRAIRIA,TUNIS,6,4,0,0
TUN1158,EL HRAIRIA,TUNIS,7,16,9,0
TUN1159,EL HRAIRIA,TUNIS,6,12,6,0
TUN1160,EL HRAIRIA,TUNIS,5,15,9,0
TUN1161,EL HRAIRIA,TUNIS,6,15,6,6
TUN1162,EL HRAIRIA,TUNIS,7,20,12,6
TUN1164,EL HRAIRIA,TUNIS,6,16,9,0
TUN1169,EL HRAIRIA,TUNIS,5,15,9,0
TUN1236,EL HRAIRIA,TUNIS,6,19,9,6
TUN1245,EL HRAIRIA,TUNIS,8,14,12,0
TUN1246,EL HRAIRIA,TUNIS,5,22,9,0
TUN1274,EL HRAIRIA,TUNIS,5,6,9,0
TUN1310,EL HRAIRIA,TUNIS,4,16,9,0
TUN1320,EL HRAIRIA,TUNIS,6,12,6,6
TUN1339,EL HRAIRIA,TUNIS,#N/A,#N/A,#N/A,0
TUN1403,EL HRAIRIA,TUNIS,5,12,9,0
TUN1464,EL HRAIRIA,TUNIS,8,18,8,0
TUN2121,EL HRAIRIA,TUNIS,#N/A,#N/A,#N/A,0
MAH1044,EL JEM,MAHDIA,6,18,6,0
MAH1031,EL JEM,MAHDIA,5,15,6,0
MAH1032,EL JEM,MAHDIA,4,15,6,0
MAH1037,EL JEM,MAHDIA,6,18,6,0
MAH1054,EL JEM,MAHDIA,6,17,6,0
MAH1059,EL JEM,MAHDIA,4,12,0,0
MAH1060,EL JEM,MAHDIA,6,16,6,0
SFX1091,EL JEM,MAHDIA,4,14,8,0
MAH1118,El JEM,MAHDIA,4,12,8,0
KEF1032,EL KRIB,SILIANA,4,9,0,0
SLO1007,EL KRIB,SILIANA,6,9,0,0
SLT1067,EL KRIB,SILIANA,6,9,0,0
SLT1080,EL KRIB,SILIANA,6,9,0,0
SIL1054,EL KRIB,SILIANA,#N/A,#N/A,#N/A,0
SLT1074,EL KRIB,SILIANA,6,9,0,0
SIL1007,EL KRIB,SILIANA,#N/A,#N/A,#N/A,0
KEF1010,EL KSOUR,KEF,4,10,0,0
SFX1031,EL MAHRES,SFAX,4,4,3,0
SFX1032,EL MAHRES,SFAX,4,9,6,0
SFX1044,EL MAHRES,SFAX,3,6,6,0
SFX1052,EL MAHRES,SFAX,4,2,0,0
SFX1073,EL MAHRES,SFAX,6,4,6,0
SFX1138,EL MAHRES,SFAX,6,6,0,0
SFX1159,EL MAHRES,SFAX,6,9,0,0
SFX1161,EL MAHRES,SFAX,4,12,0,0
SFX1179,EL MAHRES,SFAX,#N/A,#N/A,#N/A,0
SFX1181,EL MAHRES,SFAX,4,9,0,0
SFX1195,EL MAHRES,SFAX,4,9,0,0
SFX1200,EL MAHRES,SFAX,4,3,3,0
SFX1220,EL MAHRES,SFAX,3,6,0,0
TUN1079,EL MEDINA,TUNIS,5,15,6,6
TUN1084,EL MEDINA,TUNIS,4,15,3,6
TUN1216,EL MEDINA,TUNIS,5,15,6,6
TUN2013,EL MEDINA,TUNIS,1,2,0,0
TUN2042,EL MEDINA,TUNIS,1,1,0,0
TUN2044,EL MEDINA,TUNIS,1,1,0,0
TUN2045,EL MEDINA,TUNIS,1,1,0,0
TUN2046,EL MEDINA,TUNIS,1,1,0,0
TUN2049,EL MEDINA,TUNIS,1,1,0,0
TUN2120,EL MEDINA,TUNIS,1,2,0,0
TUN2161,EL MEDINA,TUNIS,#N/A,#N/A,#N/A,0
TUN2163,EL MEDINA,TUNIS,#N/A,#N/A,#N/A,0
TUN2047,EL MEDINA,TUNIS,1,1,0,0
TUN2201,EL MEDINA,TUNIS,#N/A,#N/A,#N/A,0
TUN1807,EL MEDINA,TUNIS,4,20,8,0
TUN1027,EL MENZAH,TUNIS,5,15,6,6
TUN1031,EL MENZAH,TUNIS,5,12,6,6
TUN1047,EL MENZAH,TUNIS,4,16,8,6
TUN1062,EL MENZAH,TUNIS,1,4,0,2
TUN1065,EL MENZAH,TUNIS,6,9,9,6
TUN1072,EL MENZAH,TUNIS,3,12,6,6
TUN1132,EL MENZAH,TUNIS,3,9,6,0
TUN1157,EL MENZAH,TUNIS,4,12,6,6
TUN1199,EL MENZAH,TUNIS,4,15,6,6
TUN1258,EL MENZAH,TUNIS,4,9,6,6
TUN1292,EL MENZAH,TUNIS,4,12,6,6
TUN1313,EL MENZAH,TUNIS,3,6,4,4
TUN1330,EL MENZAH,TUNIS,#N/A,#N/A,#N/A,0
TUN1335,EL MENZAH,TUNIS,3,12,3,6
TUN1451,EL MENZAH,TUNIS,3,12,6,6
TUN1604,EL MENZAH,TUNIS,5,9,6,6
TUN1608,EL MENZAH,TUNIS,5,12,6,0
TUN1680,EL MENZAH,TUNIS,6,12,0,0
TUN2003,EL MENZAH,TUNIS,1,2,0,0
TUN2010,EL MENZAH,TUNIS,1,2,0,0
TUN2185,EL MENZAH,TUNIS,1,1,0,0
TUN2184,EL MENZAH,TUNIS,#N/A,#N/A,#N/A,0
TUN2238,EL MENZAH,TUNIS,1,2,1,0
TUN1415,EL MENZAH,TUNIS,4,12,9,6
NAB1086,EL MIDA,NABEUL,6,14,6,0
NAB1184,EL MIDA,NABEUL,6,14,0,0
TUN1141,EL MNIHLA,ARIANA,7,8,12,6
TUN1176,EL MNIHLA,ARIANA,5,12,6,6
TUN1238,EL MNIHLA,ARIANA,6,18,9,6
TUN1239,EL MNIHLA,ARIANA,6,18,9,6
TUN1240,EL MNIHLA,ARIANA,6,12,9,6
TUN1294,EL MNIHLA,ARIANA,5,18,9,6
TUN1319,EL MNIHLA,ARIANA,6,18,9,0
TUN1381,EL MNIHLA,ARIANA,5,12,12,6
TUN1497,EL MNIHLA,ARIANA,3,12,9,0
TUN1738,EL MNIHLA,ARIANA,4,15,9,6
TUN2172,EL MNIHLA,ARIANA,#N/A,#N/A,#N/A,0
TUN1801,EL MNIHLA,ARIANA,6,9,9,6
TUN1108,EL MORNAGUIA,MANOUBA,6,11,6,0
TUN1201,EL MORNAGUIA,MANOUBA,5,11,3,0
TUN1242,EL MORNAGUIA,MANOUBA,6,12,0,0
TUN1269,EL MORNAGUIA,MANOUBA,5,12,0,0
TUN1324,EL MORNAGUIA,MANOUBA,6,13,0,0
TUN1325,EL MORNAGUIA,MANOUBA,5,11,0,0
TUN1331,EL MORNAGUIA,MANOUBA,6,12,6,0
TUN1422,EL MORNAGUIA,MANOUBA,6,11,6,0
TUN1111,EL OMRANE,TUNIS,5,12,9,6
TUN1123,EL OMRANE,TUNIS,6,11,8,0
TUN1147,EL OMRANE,TUNIS,6,12,6,6
TUN1192,EL OMRANE,TUNIS,5,12,9,0
TUN1226,EL OMRANE,TUNIS,4,12,0,6
TUN1261,EL OMRANE,TUNIS,4,15,9,0
TUN1262,EL OMRANE,TUNIS,4,15,9,6
TUN1263,EL OMRANE,TUNIS,5,15,9,6
TUN1300,EL OMRANE,TUNIS,3,12,3,6
TUN1385,EL OMRANE,TUNIS,6,18,9,6
TUN1386,EL OMRANE,TUNIS,6,12,0,0
TUN1426,EL OMRANE,TUNIS,5,16,6,0
TUN1427,EL OMRANE,TUNIS,3,9,6,6
TUN1443,EL OMRANE,TUNIS,3,8,4,4
TUN2139,EL OMRANE,TUNIS,1,0,0,0
TUN1778,EL OMRANE SUPERIEUR,TUNIS,8,16,8,0
TUN1033,EL OMRANE SUPERIEUR,TUNIS,6,15,9,6
TUN1038,EL OMRANE SUPERIEUR,TUNIS,4,8,8,6
TUN1039,EL OMRANE SUPERIEUR,TUNIS,6,10,9,6
TUN1106,EL OMRANE SUPERIEUR,TUNIS,6,12,9,6
TUN1137,EL OMRANE SUPERIEUR,TUNIS,5,15,3,6
TUN1148,EL OMRANE SUPERIEUR,TUNIS,6,18,9,6
TUN1149,EL OMRANE SUPERIEUR,TUNIS,5,15,6,6
TUN1193,EL OMRANE SUPERIEUR,TUNIS,3,8,4,0
TUN1288,EL OMRANE SUPERIEUR,TUNIS,6,15,9,6
TUN1296,EL OMRANE SUPERIEUR,TUNIS,6,15,9,0
TUN1347,EL OMRANE SUPERIEUR,TUNIS,4,15,6,6
TUN1367,EL OMRANE SUPERIEUR,TUNIS,3,15,6,6
TUN1384,EL OMRANE SUPERIEUR,TUNIS,4,15,9,6
TUN1394,EL OMRANE SUPERIEUR,TUNIS,6,12,9,6
TUN1410,EL OMRANE SUPERIEUR,TUNIS,6,9,9,6
TUN1491,EL OMRANE SUPERIEUR,TUNIS,5,16,9,6
TUN2227,EL OMRANE SUPERIEUR,TUNIS,1,1,0,0
TUN2188,EL OMRANE SUPERIEUR,TUNIS,#N/A,#N/A,#N/A,0
TUN1407,EL OMRANE SUPERIEUR,TUNIS,6,9,9,0
BAR1009,EL OUARDIA,TUNIS,5,15,9,0
BAR1017,EL OUARDIA,TUNIS,4,12,6,0
BAR1078,EL OUARDIA,TUNIS,6,9,6,0
BAR1083,EL OUARDIA,TUNIS,4,15,9,0
BAR1119,EL OUARDIA,TUNIS,4,15,9,0
BAR1120,EL OUARDIA,TUNIS,3,12,0,0
BAR1126,EL OUARDIA,TUNIS,3,#N/A,#N/A,0
BAR1132,EL OUARDIA,TUNIS,4,8,6,0
SOS1012,ENFIDHA,SOUSSE,6,14,6,0
SOS1023,ENFIDHA,SOUSSE,6,16,3,0
SOS1024,ENFIDHA,SOUSSE,6,21,0,0
SOS1037,ENFIDHA,SOUSSE,8,17,8,0
SOS1076,ENFIDHA,SOUSSE,5,12,0,0
SOS1102,ENFIDHA,SOUSSE,6,12,0,0
SOS1104,ENFIDHA,SOUSSE,4,12,3,0
SOS1105,ENFIDHA,SOUSSE,1,4,0,0
SOS1118,ENFIDHA,SOUSSE,6,18,0,0
SOS1133,ENFIDHA,SOUSSE,8,16,0,0
SOS1138,ENFIDHA,SOUSSE,6,16,0,0
KAI1044,EN-NADHOUR,ZAGHOUAN,2,12,0,0
ZGO1026,EN-NADHOUR,ZAGHOUAN,8,4,0,0
ZGO1029,EN-NADHOUR,ZAGHOUAN,6,9,0,0
ZGT1055,EN-NADHOUR,ZAGHOUAN,6,9,0,0
ZGT1081,EN-NADHOUR,ZAGHOUAN,6,9,0,0
KAS1032,ER-ROUHIA,SILIANA,3,8,0,0
SLO1019,ER-ROUHIA,SILIANA,6,9,0,0
SLO1048,ER-ROUHIA,SILIANA,8,13,0,0
SLT1076,ER-ROUHIA,SILIANA,6,9,0,0
SLT1084,ER-ROUHIA,SILIANA,6,9,0,0
SLT1090,ER-ROUHIA,SILIANA,8,16,0,0
SIL1013,ER-ROUHIA,SILIANA,#N/A,#N/A,#N/A,0
SIL1048,ER-ROUHIA,SILIANA,#N/A,#N/A,#N/A,0
MAH1026,ESSOUASSI,MAHDIA,6,18,0,0
MAH1049,ESSOUASSI,MAHDIA,7,21,4,0
MAH1066,ESSOUASSI,MAHDIA,6,18,0,0
MAH1067,ESSOUASSI,MAHDIA,5,18,6,0
TUN1105,ETTAHRIR,TUNIS,6,15,9,6
TUN1389,ETTAHRIR,TUNIS,6,9,6,6
TUN1393,ETTAHRIR,TUNIS,6,15,9,0
BAR1003,EZZAHRA,BEN AROUS,5,15,9,#N/A
BAR1011,EZZAHRA,BEN AROUS,4,9,0,6
BAR1018,EZZAHRA,BEN AROUS,6,18,9,0
BAR1045,EZZAHRA,BEN AROUS,6,12,9,6
BAR1089,EZZAHRA,BEN AROUS,7,12,12,0
BAR1094,EZZAHRA,BEN AROUS,4,15,9,6
BAR1109,EZZAHRA,BEN AROUS,7,22,8,0
BAR1163,EZZAHRA,BEN AROUS,5,15,9,6
BAR1180,EZZAHRA,BEN AROUS,3,12,6,6
BAR1188,EZZAHRA,BEN AROUS,6,15,9,6
BAR1237,EZZAHRA,BEN AROUS,6,15,9,0
BAR2013,EZZAHRA,BEN AROUS,1,2,0,0
SOS1036,EZ-ZERIBA,ZAGHOUAN,4,12,0,0
ZGO1005,EZ-ZERIBA,ZAGHOUAN,5,9,0,0
ZGO1011,EZ-ZERIBA,ZAGHOUAN,5,9,0,0
ZGO1017,EZ-ZERIBA,ZAGHOUAN,4,12,0,0
ZGO1022,EZ-ZERIBA,ZAGHOUAN,4,14,0,0
ZGT1063,EZ-ZERIBA,ZAGHOUAN,6,12,0,0
ZGT1065,EZ-ZERIBA,ZAGHOUAN,4,3,0,0
ZGT1068,EZ-ZERIBA,ZAGHOUAN,4,3,0,0
ZGT1069,EZ-ZERIBA,ZAGHOUAN,4,9,0,0
KAS1025,EZZOUHOUR,KASSERINE,6,16,0,0
KAS1041,EZZOUHOUR,KASSERINE,4,15,6,0
TUN1165,EZZOUHOUR,TUNIS,3,12,0,0
TUN1166,EZZOUHOUR,TUNIS,4,9,0,0
TUN1167,EZZOUHOUR,TUNIS,6,12,9,0
TUN1275,EZZOUHOUR,TUNIS,6,18,9,0
KAS1010,FERIANA,KASSERINE,5,14,6,0
KAS1011,FERIANA,KASSERINE,4,9,4,0
KAS1023,FERIANA,KASSERINE,4,12,0,0
KAS1036,FERIANA,KASSERINE,6,12,6,0
JEN1021,FERNANA,JENDOUBA,8,18,8,0
JEN1023,FERNANA,JENDOUBA,4,10,0,0
JEN1058,FERNANA,JENDOUBA,5,12,0,0
BAR1019,FOUCHANA,BEN AROUS,6,16,9,0
BAR1020,FOUCHANA,BEN AROUS,6,18,9,0
BAR1021,FOUCHANA,BEN AROUS,8,22,12,0
BAR1029,FOUCHANA,BEN AROUS,6,12,9,6
BAR1030,FOUCHANA,BEN AROUS,5,18,9,0
BAR1063,FOUCHANA,BEN AROUS,6,18,9,0
BAR1065,FOUCHANA,BEN AROUS,5,9,3,0
BAR1066,FOUCHANA,BEN AROUS,6,18,9,0
BAR1073,FOUCHANA,BEN AROUS,5,9,9,0
BAR1077,FOUCHANA,BEN AROUS,6,12,8,0
BAR1110,FOUCHANA,BEN AROUS,8,12,8,6
BAR1121,FOUCHANA,BEN AROUS,6,17,9,0
BAR1129,FOUCHANA,BEN AROUS,6,16,9,0
BAR1143,FOUCHANA,BEN AROUS,4,12,6,0
BAR1150,FOUCHANA,BEN AROUS,5,14,9,0
BAR1162,FOUCHANA,BEN AROUS,4,9,0,0
BAR1166,FOUCHANA,BEN AROUS,4,12,9,0
BAR1170,FOUCHANA,BEN AROUS,6,15,6,0
BAR1171,FOUCHANA,BEN AROUS,4,12,9,6
BAR1179,FOUCHANA,BEN AROUS,5,16,6,6
BAR1195,FOUCHANA,BEN AROUS,6,12,0,6
BAR1196,FOUCHANA,BEN AROUS,3,12,0,0
BAR1199,FOUCHANA,BEN AROUS,7,20,9,0
BAR1084,FOUCHANA,BEN AROUS,#N/A,#N/A,#N/A,0
KAS1012,FOUSSANA,KASSERINE,2,6,0,0
KAS1013,FOUSSANA,KASSERINE,4,10,0,0
KAS1014,FOUSSANA,KASSERINE,8,20,8,0
KAS1027,FOUSSANA,KASSERINE,3,9,0,0
KAS1042,FOUSSANA,KASSERINE,5,9,0,0
KAS1043,FOUSSANA,KASSERINE,5,15,0,0
SLO1005,GAAFOUR,SILIANA,6,9,0,0
SLO1006,GAAFOUR,SILIANA,6,9,0,0
SLO1025,GAAFOUR,SILIANA,4,6,0,0
SLO1027,GAAFOUR,SILIANA,4,6,0,0
SLO1031,GAAFOUR,SILIANA,6,9,0,0
SLO1049,GAAFOUR,SILIANA,6,9,0,0
SLT1072,GAAFOUR,SILIANA,6,9,0,0
SLT1083,GAAFOUR,SILIANA,4,6,0,0
SIL1055,GAAFOUR,SILIANA,#N/A,#N/A,#N/A,0
SIL1005,GAAFOUR,SILIANA,#N/A,#N/A,#N/A,0
GAB1005,GABES MEDINA,GABES,7,2,8,0
GAB1007,GABES MEDINA,GABES,6,6,3,0
GAB1008,GABES MEDINA,GABES,4,12,6,0
GAB1011,GABES MEDINA,GABES,4,3,6,0
GAB1033,GABES MEDINA,GABES,5,5,3,0
GAB1037,GABES MEDINA,GABES,4,2,4,0
GAB1040,GABES MEDINA,GABES,5,12,6,0
GAB1059,GABES MEDINA,GABES,5,6,3,0
GAB1063,GABES MEDINA,GABES,5,6,6,0
GAB1067,GABES MEDINA,GABES,6,6,6,0
GAB1073,GABES MEDINA,GABES,5,3,6,0
GAB1075,GABES MEDINA,GABES,5,5,6,0
GAB1009,GABES OUEST,GABES,4,12,0,0
GAB1019,GABES OUEST,GABES,6,6,6,0
GAB1021,GABES OUEST,GABES,6,8,8,0
GAB1024,GABES OUEST,GABES,4,14,0,0
GAB1039,GABES OUEST,GABES,6,2,4,0
GAB1053,GABES OUEST,GABES,3,14,0,0
GAB1058,GABES OUEST,GABES,4,5,6,0
GAB1004,GABES SUD,GABES,5,6,6,0
GAB1006,GABES SUD,GABES,6,6,6,0
GAB1012,GABES SUD,GABES,5,6,8,0
GAB1013,GABES SUD,GABES,4,12,0,0
GAB1022,GABES SUD,GABES,7,6,6,0
GAB1023,GABES SUD,GABES,5,6,0,0
GAB1036,GABES SUD,GABES,5,6,6,0
GAB1049,GABES SUD,GABES,4,12,0,0
GAB1050,GABES SUD,GABES,5,6,6,0
GAB1061,GABES SUD,GABES,4,4,6,0
GAB1064,GABES SUD,GABES,3,12,6,0
GAB1069,GABES SUD,GABES,4,12,0,0
GAB1081,GABES SUD,GABES,3,#N/A,#N/A,0
GAB1083,GABES SUD,GABES,6,4,6,0
GAB1085,GABES SUD,GABES,7,2,8,0
GAB1092,GABES SUD,GABES,5,5,3,0
GAB1095,GABES SUD,GABES,6,6,8,0
GAB1082,GABES SUD,GABES,6,4,8,0
GAB1105,GABES SUD,GABES,3,6,0,0
GAF1012,GAFSA NORD,GAFSA,4,18,0,0
GAF1038,GAFSA NORD,GAFSA,3,11,0,0
GAF1076,GAFSA NORD,GAFSA,3,12,9,0
GAF1001,GAFSA SUD,GAFSA,6,16,6,0
GAF1002,GAFSA SUD,GAFSA,6,17,6,0
GAF1003,GAFSA SUD,GAFSA,8,18,8,0
GAF1004,GAFSA SUD,GAFSA,7,17,8,0
GAF1005,GAFSA SUD,GAFSA,6,17,6,0
GAF1007,GAFSA SUD,GAFSA,6,17,6,0
GAF1008,GAFSA SUD,GAFSA,2,4,0,0
GAF1020,GAFSA SUD,GAFSA,4,12,0,0
GAF1033,GAFSA SUD,GAFSA,6,13,6,0
GAF1036,GAFSA SUD,GAFSA,5,15,6,0
GAF1037,GAFSA SUD,GAFSA,4,18,0,0
GAF1046,GAFSA SUD,GAFSA,3,6,6,0
GAF1047,GAFSA SUD,GAFSA,6,20,6,0
GAF1048,GAFSA SUD,GAFSA,3,12,0,0
GAF1052,GAFSA SUD,GAFSA,6,16,6,0
GAF1065,GAFSA SUD,GAFSA,3,15,6,0
GAF1066,GAFSA SUD,GAFSA,6,18,6,0
GAF2002,GAFSA SUD,GAFSA,5,#N/A,#N/A,0
GAF2003,GAFSA SUD,GAFSA,2,2,0,0
GAF1079,GAFSA SUD,GAFSA,4,16,12,0
GAB1020,GHANNOUCH,GABES,8,8,8,0
GAB1052,GHANNOUCH,GABES,5,12,6,0
GAB1077,GHANNOUCH,GABES,6,2,6,0
BIZ1014,GHAR EL MELEH,BIZERTE,3,11,4,0
BIZ1031,GHAR EL MELEH,BIZERTE,6,16,6,0
BIZ1041,GHAR EL MELEH,BIZERTE,2,4,0,0
BIZ1060,GHAR EL MELEH,BIZERTE,4,10,4,0
BIZ1063,GHAR EL MELEH,BIZERTE,5,16,6,0
BIZ1130,GHAR EL MELEH,BIZERTE,4,16,6,0
JEN1016,GHARDIMAOU,JENDOUBA,8,20,8,0
JEN1035,GHARDIMAOU,JENDOUBA,3,12,6,0
JEN1036,GHARDIMAOU,JENDOUBA,4,15,0,0
JEN1062,GHARDIMAOU,JENDOUBA,5,14,6,0
SFX1033,GHERIBA,SFAX,5,6,6,0
SFX1058,GHERIBA,SFAX,6,4,6,0
SFX1078,GHERIBA,SFAX,6,12,0,0
BIZ1023,GHEZALA,BIZERTE,6,18,0,0
BIZ1056,GHEZALA,BIZERTE,6,12,0,0
BIZ1083,GHEZALA,BIZERTE,4,12,0,0
BIZ1125,GHEZALA,BIZERTE,6,12,0,0
TAT1010,GHOMRASSEN,TATAOUINE,4,6,0,0
TAT1011,GHOMRASSEN,TATAOUINE,5,15,6,0
TAT1026,GHOMRASSEN,TATAOUINE,3,14,0,0
TAT1028,GHOMRASSEN,TATAOUINE,5,16,0,0
TAT1029,GHOMRASSEN,TATAOUINE,3,6,0,0
TAT1038,GHOMRASSEN,TATAOUINE,2,6,0,0
BEJ1025,GOUBELLAT,BEJA,4,12,0,0
BEJ1055,GOUBELLAT,BEJA,6,12,0,0
BAR1042,GROMBALIA,NABEUL,6,15,6,0
NAB1011,GROMBALIA,NABEUL,5,#N/A,#N/A,0
NAB1012,GROMBALIA,NABEUL,5,14,6,0
NAB1062,GROMBALIA,NABEUL,6,16,6,0
NAB1069,GROMBALIA,NABEUL,6,17,6,0
NAB1085,GROMBALIA,NABEUL,6,15,6,0
NAB1100,GROMBALIA,NABEUL,6,15,6,0
NAB1104,GROMBALIA,NABEUL,6,13,6,0
NAB1108,GROMBALIA,NABEUL,6,13,6,0
NAB1134,GROMBALIA,NABEUL,4,11,4,0
NAB1145,GROMBALIA,NABEUL,8,24,8,0
NAB1149,GROMBALIA,NABEUL,6,16,0,0
NAB1155,GROMBALIA,NABEUL,6,15,6,0
NAB1159,GROMBALIA,NABEUL,4,11,4,0
NAB1163,GROMBALIA,NABEUL,5,13,6,0
NAB1164,GROMBALIA,NABEUL,6,17,6,0
NAB1191,GROMBALIA,NABEUL,4,9,2,0
NAB1207,GROMBALIA,NABEUL,4,6,0,0
NAB1178,GROMBALIA,NABEUL,3,12,9,0
NAB1199,GROMBALIA,NABEUL,3,9,9,0
NAB1281,GROMBALIA,NABEUL,3,12,9,0
GAF1019,GUETAR,GAFSA,6,12,6,0
GAF1021,GUETAR,GAFSA,2,6,0,0
GAF1022,GUETAR,GAFSA,3,11,0,0
GAF1030,GUETAR,GAFSA,2,6,0,0
GAF1050,GUETAR,GAFSA,5,11,0,0
GAF1058,GUETAR,GAFSA,4,11,0,0
KAI1012,HAFFOUZ,KAIROUAN,5,6,6,0
KAI1022,HAFFOUZ,KAIROUAN,6,6,6,0
KAI1043,HAFFOUZ,KAIROUAN,4,4,0,0
KAI1013,HAJEB EL AYOUN,KAIROUAN,5,15,6,0
KAI1038,HAJEB EL AYOUN,KAIROUAN,4,15,6,0
KAI1048,HAJEB EL AYOUN,KAIROUAN,7,18,0,0
KAI1065,HAJEB EL AYOUN,KAIROUAN,4,6,0,0
KAI1070,HAJEB EL AYOUN,KAIROUAN,6,15,0,0
GAB1025,HAMMA,GABES,5,18,0,0
GAB1026,HAMMA,GABES,5,6,6,0
GAB1027,HAMMA,GABES,3,12,0,0
GAB1034,HAMMA,GABES,4,#N/A,#N/A,0
GAB1035,HAMMA,GABES,4,#N/A,#N/A,0
GAB1041,HAMMA,GABES,5,5,8,0
GAB1054,HAMMA,GABES,5,20,0,0
GAB1056,HAMMA,GABES,6,8,8,0
GAB1078,HAMMA,GABES,6,6,6,0
GAB1080,HAMMA,GABES,6,2,6,0
GAB1088,HAMMA,GABES,4,14,0,0
BAR1039,HAMMAM CHOTT,BEN AROUS,5,12,9,0
BAR1092,HAMMAM CHOTT,BEN AROUS,5,9,6,0
BAR1118,HAMMAM CHOTT,BEN AROUS,4,9,0,4
BAR1176,HAMMAM CHOTT,BEN AROUS,6,12,0,0
BAR1241,HAMMAM CHOTT,BEN AROUS,6,15,9,0
BAR1040,HAMMAM CHOTT,BEN AROUS,#N/A,#N/A,#N/A,0
NAB1021,HAMMAM EL GUEZAZ,NABEUL,5,13,6,0
NAB1022,HAMMAM EL GUEZAZ,NABEUL,6,21,8,0
NAB1070,HAMMAM EL GUEZAZ,NABEUL,6,15,0,0
NAB1088,HAMMAM EL GUEZAZ,NABEUL,6,15,6,0
NAB1120,HAMMAM EL GUEZAZ,NABEUL,6,15,0,0
NAB1214,HAMMAM EL GUEZAZ,NABEUL,6,12,0,0
BAR1005,HAMMAM LIF,BEN AROUS,4,6,0,4
BAR1006,HAMMAM LIF,BEN AROUS,6,18,9,6
BAR1012,HAMMAM LIF,BEN AROUS,6,15,9,6
BAR1013,HAMMAM LIF,BEN AROUS,4,10,6,4
BAR1047,HAMMAM LIF,BEN AROUS,5,12,6,6
BAR1048,HAMMAM LIF,BEN AROUS,4,8,6,0
BAR1049,HAMMAM LIF,BEN AROUS,6,12,9,6
BAR1050,HAMMAM LIF,BEN AROUS,5,15,9,6
BAR1070,HAMMAM LIF,BEN AROUS,6,15,9,6
BAR1091,HAMMAM LIF,BEN AROUS,4,6,0,0
SOS1004,HAMMAM SOUSSE,SOUSSE,5,13,6,6
SOS1007,HAMMAM SOUSSE,SOUSSE,#N/A,#N/A,#N/A,0
SOS1025,HAMMAM SOUSSE,SOUSSE,6,16,6,0
SOS1028,HAMMAM SOUSSE,SOUSSE,5,15,6,6
SOS1040,HAMMAM SOUSSE,SOUSSE,6,16,6,6
SOS1059,HAMMAM SOUSSE,SOUSSE,6,16,6,6
SOS1060,HAMMAM SOUSSE,SOUSSE,8,16,8,0
SOS1061,HAMMAM SOUSSE,SOUSSE,8,16,8,6
SOS1114,HAMMAM SOUSSE,SOUSSE,6,12,6,0
SOS1120,HAMMAM SOUSSE,SOUSSE,5,15,6,6
SOS1148,HAMMAM SOUSSE,SOUSSE,6,15,6,0
SOS1162,HAMMAM SOUSSE,SOUSSE,6,12,6,0
SOS1174,HAMMAM SOUSSE,SOUSSE,6,15,3,0
SOS2001,HAMMAM SOUSSE,SOUSSE,1,0,0,0
SOS2002,HAMMAM SOUSSE,SOUSSE,1,0,0,0
SOS1151,HAMMAM SOUSSE,SOUSSE,3,12,6,0
SOS1171,HAMMAM SOUSSE,SOUSSE,6,12,6,0
NAB1001,HAMMAMET,NABEUL,6,15,6,0
NAB1002,HAMMAMET,NABEUL,6,15,6,0
NAB1003,HAMMAMET,NABEUL,6,15,6,0
NAB1004,HAMMAMET,NABEUL,8,20,0,0
NAB1005,HAMMAMET,NABEUL,5,15,3,0
NAB1006,HAMMAMET,NABEUL,6,15,6,0
NAB1014,HAMMAMET,NABEUL,6,16,0,0
NAB1015,HAMMAMET,NABEUL,8,16,8,0
NAB1017,HAMMAMET,NABEUL,6,16,6,0
NAB1034,HAMMAMET,NABEUL,6,15,6,0
NAB1035,HAMMAMET,NABEUL,8,20,8,0
NAB1052,HAMMAMET,NABEUL,5,#N/A,#N/A,0
NAB1053,HAMMAMET,NABEUL,6,15,6,0
NAB1054,HAMMAMET,NABEUL,7,16,8,0
NAB1055,HAMMAMET,NABEUL,6,15,6,0
NAB1056,HAMMAMET,NABEUL,3,10,0,0
NAB1057,HAMMAMET,NABEUL,6,15,6,0
NAB1058,HAMMAMET,NABEUL,5,15,6,0
NAB1059,HAMMAMET,NABEUL,6,15,6,0
NAB1092,HAMMAMET,NABEUL,6,15,6,0
NAB1101,HAMMAMET,NABEUL,6,16,6,0
NAB1103,HAMMAMET,NABEUL,6,15,6,0
NAB1105,HAMMAMET,NABEUL,6,15,6,0
NAB1106,HAMMAMET,NABEUL,6,16,6,0
NAB1107,HAMMAMET,NABEUL,6,15,3,0
NAB1129,HAMMAMET,NABEUL,4,10,4,0
NAB1130,HAMMAMET,NABEUL,2,6,0,0
NAB1135,HAMMAMET,NABEUL,2,6,0,0
NAB1138,HAMMAMET,NABEUL,5,15,3,0
NAB1140,HAMMAMET,NABEUL,6,17,6,0
NAB1142,HAMMAMET,NABEUL,6,18,6,0
NAB1144,HAMMAMET,NABEUL,6,15,3,0
NAB1154,HAMMAMET,NABEUL,5,16,6,0
NAB1157,HAMMAMET,NABEUL,6,15,6,0
NAB1177,HAMMAMET,NABEUL,6,15,6,0
NAB1186,HAMMAMET,NABEUL,5,12,0,0
NAB1188,HAMMAMET,NABEUL,6,13,0,0
NAB1205,HAMMAMET,NABEUL,7,16,8,0
NAB1218,HAMMAMET,NABEUL,4,15,6,0
NAB1225,HAMMAMET,NABEUL,4,15,0,0
NAB1226,HAMMAMET,NABEUL,4,15,0,0
NAB1227,HAMMAMET,NABEUL,6,9,3,0
NAB1228,HAMMAMET,NABEUL,5,16,0,0
NAB1239,HAMMAMET,NABEUL,5,15,6,0
NAB1243,HAMMAMET,NABEUL,5,15,0,0
NAB2003,HAMMAMET,NABEUL,3,3,0,0
NAB2064,HAMMAMET,NABEUL,4,#N/A,#N/A,0
ZGT1064,HAMMAMET,NABEUL,4,9,0,0
NAB2023,HAMMAMET,NABEUL,1,#N/A,#N/A,0
NAB1238,HAMMAMET,NABEUL,3,12,6,0
NAB1273,HAMMAMET,NABEUL,6,12,6,0
NAB1235,HAMMAMET,NABEUL,4,12,8,0
NAB1247,HAMMAMET,NABEUL,3,12,9,0
NAB2070,HAMMAMET,NABEUL,3,6,9,0
SFX1001,HANCHA,SFAX,8,8,8,0
SFX1002,HANCHA,SFAX,4,9,0,0
SFX1003,HANCHA,SFAX,4,12,0,0
SFX1089,HANCHA,SFAX,8,20,0,0
SFX1160,HANCHA,SFAX,6,9,0,0
SFX1188,HANCHA,SFAX,7,2,8,0
SFX1228,HANCHA,SFAX,5,9,6,0
SFX1232,HANCHA,SFAX,6,4,8,0
SFX1235,HANCHA,SFAX,6,3,0,0
KAS1031,HASSI FERID,KASSERINE,3,15,0,0
TOZ1019,HAZOUA,TOZEUR,2,6,0,0
TOZ1017,HAZOUA,TOZEUR,4,14,6,0
MAH1029,HBIRA,MAHDIA,6,20,8,0
SOS1026,HERGLA,SOUSSE,4,10,4,0
KAS1017,HIDRA,KASSERINE,4,11,0,0
KAS1034,HIDRA,KASSERINE,4,12,0,0
MON1011,JAMMEL,MONASTIR,6,16,6,0
MON1028,JAMMEL,MONASTIR,6,16,6,0
MON1036,JAMMEL,MONASTIR,6,18,6,0
MON1041,JAMMEL,MONASTIR,6,16,6,0
MON1089,JAMMEL,MONASTIR,6,12,0,0
SOS1109,JAMMEL,MONASTIR,4,11,0,0
MON1064,JAMMEL,MONASTIR,3,12,6,0
MON1113,JAMMEL,MONASTIR,6,12,0,0
MON1123,JAMMEL,MONASTIR,3,12,6,0
KAS1035,JEDLIANE,KASSERINE,2,6,0,0
SBO1003,JELMA,SIDI BOUZID,5,15,6,0
SBO1029,JELMA,SIDI BOUZID,5,12,6,0
SBO1043,JELMA,SIDI BOUZID,4,12,0,0
SBO1054,JELMA,SIDI BOUZID,4,11,0,0
SBO1053,JELMA,SIDI BOUZID,6,9,0,0
JEN1010,JENDOUBA,JENDOUBA,6,14,6,0
JEN1011,JENDOUBA,JENDOUBA,6,14,6,0
JEN1014,JENDOUBA,JENDOUBA,4,12,0,0
JEN1027,JENDOUBA,JENDOUBA,5,12,6,0
JEN1030,JENDOUBA,JENDOUBA,3,9,0,0
JEN1034,JENDOUBA,JENDOUBA,7,18,8,0
JEN1056,JENDOUBA,JENDOUBA,6,14,6,0
JEN1064,JENDOUBA,JENDOUBA,6,15,6,0
JEN1065,Jendouba,Jendouba,3,3,6,0
JEN1025,JENDOUBA NORD,JENDOUBA,8,18,8,0
JEN1026,JENDOUBA NORD,JENDOUBA,7,18,8,0
JEN1040,JENDOUBA NORD,JENDOUBA,4,10,0,0
JEN1045,JENDOUBA NORD,JENDOUBA,6,12,6,0
JEN1046,JENDOUBA NORD,JENDOUBA,7,18,0,0
JEN1050,JENDOUBA NORD,JENDOUBA,3,9,0,0
MED1012,JERBA AJIM,MEDNINE,3,12,0,0
MED1016,JERBA AJIM,MEDNINE,3,12,6,0
MED1030,JERBA AJIM,MEDNINE,4,12,6,0
MED1067,JERBA AJIM,MEDNINE,3,12,0,0
MED1068,JERBA AJIM,MEDNINE,3,12,0,0
MED1123,JERBA AJIM,MEDNINE,4,6,0,0
MED1129,JERBA AJIM,MEDNINE,5,16,0,0
MED2031,JERBA AJIM,MEDNINE,2,#N/A,#N/A,0
MED1001,JERBA HOUMET SOUK,MEDNINE,5,3,6,0
MED1002,JERBA HOUMET SOUK,MEDNINE,5,2,6,0
MED1003,JERBA HOUMET SOUK,MEDNINE,4,12,6,0
MED1004,JERBA HOUMET SOUK,MEDNINE,5,12,6,0
MED1005,JERBA HOUMET SOUK,MEDNINE,3,3,6,0
MED1006,JERBA HOUMET SOUK,MEDNINE,5,6,6,0
MED1007,JERBA HOUMET SOUK,MEDNINE,2,2,4,0
MED1008,JERBA HOUMET SOUK,MEDNINE,3,12,6,0
MED1017,JERBA HOUMET SOUK,MEDNINE,4,16,8,0
MED1048,JERBA HOUMET SOUK,MEDNINE,5,5,6,0
MED1069,JERBA HOUMET SOUK,MEDNINE,3,12,0,0
MED1073,JERBA HOUMET SOUK,MEDNINE,6,6,6,0
MED1077,JERBA HOUMET SOUK,MEDNINE,5,5,6,0
MED1083,JERBA HOUMET SOUK,MEDNINE,6,2,3,0
MED1092,JERBA HOUMET SOUK,MEDNINE,5,12,6,0
MED1093,JERBA HOUMET SOUK,MEDNINE,5,4,6,0
MED1095,JERBA HOUMET SOUK,MEDNINE,3,2,0,0
MED1096,JERBA HOUMET SOUK,MEDNINE,4,16,8,0
MED1130,JERBA HOUMET SOUK,MEDNINE,4,12,0,0
MED1135,JERBA HOUMET SOUK,MEDNINE,6,16,6,0
MED1137,JERBA HOUMET SOUK,MEDNINE,5,6,6,0
MED1141,JERBA HOUMET SOUK,MEDNINE,3,12,6,0
MED2001,JERBA HOUMET SOUK,MEDNINE,4,0,0,0
MED2002,JERBA HOUMET SOUK,MEDNINE,1,0,0,0
MED2003,JERBA HOUMET SOUK,MEDNINE,2,2,0,0
MED2016,JERBA HOUMET SOUK,MEDNINE,4,1,0,0
MED2030,JERBA HOUMET SOUK,MEDNINE,1,1,0,0
MED2005,JERBA HOUMET SOUK,MEDNINE,4,#N/A,#N/A,0
MED1172,JERBA HOUMET SOUK,MEDNINE,3,9,9,0
MED1029,JERBA MIDOUN,MEDNINE,3,12,6,0
MED1009,JERBA MIDOUN,MEDNINE,4,16,8,0
MED1011,JERBA MIDOUN,MEDNINE,5,4,8,0
MED1014,JERBA MIDOUN,MEDNINE,6,6,6,0
MED1026,JERBA MIDOUN,MEDNINE,4,12,6,0
MED1027,JERBA MIDOUN,MEDNINE,3,12,6,0
MED1028,JERBA MIDOUN,MEDNINE,3,12,6,0
MED1049,JERBA MIDOUN,MEDNINE,1,3,6,0
MED1066,JERBA MIDOUN,MEDNINE,4,2,8,0
MED1074,JERBA MIDOUN,MEDNINE,4,1,6,0
MED1075,JERBA MIDOUN,MEDNINE,4,12,6,0
MED1079,JERBA MIDOUN,MEDNINE,5,2,6,0
MED1080,JERBA MIDOUN,MEDNINE,3,6,6,0
MED1084,JERBA MIDOUN,MEDNINE,4,16,8,0
MED1091,JERBA MIDOUN,MEDNINE,5,1,6,0
MED1112,JERBA MIDOUN,MEDNINE,4,20,0,0
MED1128,JERBA MIDOUN,MEDNINE,3,12,0,0
MED1136,JERBA MIDOUN,MEDNINE,5,3,6,0
MED1149,JERBA MIDOUN,MEDNINE,4,16,8,0
MED2006,JERBA MIDOUN,MEDNINE,3,#N/A,#N/A,0
MED1164,JERBA MIDOUN,MEDNINE,2,8,4,0
BAR1016,KABARIA,TUNIS,4,16,9,0
BAR1023,KABARIA,TUNIS,6,15,9,0
BAR1032,KABARIA,TUNIS,8,10,12,0
BAR1068,KABARIA,TUNIS,7,12,8,6
BAR1081,KABARIA,TUNIS,6,17,9,0
BAR1082,KABARIA,TUNIS,7,16,12,0
BAR1095,KABARIA,TUNIS,5,18,9,0
BAR1112,KABARIA,TUNIS,5,18,9,0
BAR1134,KABARIA,TUNIS,6,18,6,0
BAR1135,KABARIA,TUNIS,5,15,9,0
BAR1148,KABARIA,TUNIS,6,18,9,0
BAR1158,KABARIA,TUNIS,5,12,9,0
BAR2004,KABARIA,TUNIS,3,#N/A,#N/A,0
BAR2005,KABARIA,TUNIS,4,#N/A,#N/A,0
KAI1001,KAIROUAN NORD,KAIROUAN,5,12,6,6
KAI1002,KAIROUAN NORD,KAIROUAN,5,3,6,6
KAI1003,KAIROUAN NORD,KAIROUAN,4,12,6,6
KAI1004,KAIROUAN NORD,KAIROUAN,6,4,6,6
KAI1007,KAIROUAN NORD,KAIROUAN,3,6,6,0
KAI1009,KAIROUAN NORD,KAIROUAN,6,6,6,0
KAI1024,KAIROUAN NORD,KAIROUAN,6,15,6,6
KAI1026,KAIROUAN NORD,KAIROUAN,5,3,6,6
KAI1039,KAIROUAN NORD,KAIROUAN,6,12,6,6
KAI1045,KAIROUAN NORD,KAIROUAN,6,3,3,6
KAI1053,KAIROUAN NORD,KAIROUAN,6,6,6,6
KAI1054,KAIROUAN NORD,KAIROUAN,6,6,6,6
KAI1058,KAIROUAN NORD,KAIROUAN,5,6,6,6
KAI1085,KAIROUAN NORD,KAIROUAN,5,6,6,6
KAI2001,KAIROUAN NORD,KAIROUAN,1,0,0,0
KAI2002,KAIROUAN NORD,KAIROUAN,1,0,0,0
KAI1080,KAIROUAN NORD,KAIROUAN,8,16,0,0
KAI1005,KAIROUAN SUD,KAIROUAN,4,4,6,6
KAI1008,KAIROUAN SUD,KAIROUAN,6,4,6,6
KAI1021,KAIROUAN SUD,KAIROUAN,4,6,6,0
KAI1025,KAIROUAN SUD,KAIROUAN,4,4,4,0
KAI1032,KAIROUAN SUD,KAIROUAN,4,6,3,6
KAI1033,KAIROUAN SUD,KAIROUAN,4,12,6,6
KAI1034,KAIROUAN SUD,KAIROUAN,5,6,6,0
KAI1035,KAIROUAN SUD,KAIROUAN,3,6,0,0
KAI1057,KAIROUAN SUD,KAIROUAN,5,4,3,6
KAI1059,KAIROUAN SUD,KAIROUAN,6,12,6,6
KAI1062,KAIROUAN SUD,KAIROUAN,6,6,6,6
KAI1068,KAIROUAN SUD,KAIROUAN,4,12,6,6
KAI1069,KAIROUAN SUD,KAIROUAN,3,3,6,6
KAI1073,KAIROUAN SUD,KAIROUAN,6,5,6,6
KAI1078,KAIROUAN SUD,KAIROUAN,5,4,3,6
SOS1010,KALAA KOBRA,SOUSSE,6,12,6,0
SOS1062,KALAA KOBRA,SOUSSE,6,16,6,0
SOS1065,KALAA KOBRA,SOUSSE,5,12,0,0
SOS1070,KALAA KOBRA,SOUSSE,6,14,0,0
SOS1082,KALAA KOBRA,SOUSSE,3,10,0,0
SOS1088,KALAA KOBRA,SOUSSE,6,13,3,0
SOS1091,KALAA KOBRA,SOUSSE,6,15,3,0
SOS1152,KALAA KOBRA,SOUSSE,6,12,0,0
SOS1210,KALAA KOBRA,SOUSSE,3,12,6,0
SOS1212,KALAA KOBRA,SOUSSE,6,12,0,0
SOS1014,KALAA SGHIRA,SOUSSE,8,16,8,0
SOS1057,KALAA SGHIRA,SOUSSE,6,14,6,0
SOS1067,KALAA SGHIRA,SOUSSE,5,12,0,0
SOS1068,KALAA SGHIRA,SOUSSE,6,14,6,0
SOS1084,KALAA SGHIRA,SOUSSE,6,17,6,0
SOS1142,KALAA SGHIRA,SOUSSE,5,13,0,0
TUN1069,KALAAT EL ANDALOUS,ARIANA,3,10,0,0
TUN1071,KALAAT EL ANDALOUS,ARIANA,7,20,9,0
TUN1121,KALAAT EL ANDALOUS,ARIANA,6,12,6,0
TUN1253,KALAAT EL ANDALOUS,ARIANA,6,11,0,0
TUN1357,KALAAT EL ANDALOUS,ARIANA,3,11,0,0
TUN1418,KALAAT EL ANDALOUS,ARIANA,5,12,6,0
TUN2055,KALAAT EL ANDALOUS,ARIANA,1,3,1,0
TUN2056,KALAAT EL ANDALOUS,ARIANA,1,3,1,0
TUN1825,KALAAT EL ANDALOUS,ARIANA,3,9,6,0
KEF1035,KALAAT KHASBA,KEF,6,19,0,0
KEF1012,KALAAT SNAN,KEF,5,14,6,0
KEF1017,KALAAT SNAN,KEF,3,9,0,0
KEF1037,KALAAT SNAN,KEF,2,6,0,0
KEF1038,KALAAT SNAN,KEF,4,8,0,0
KAS1001,KASSERINE NORD,KASSERINE,5,17,6,0
KAS1002,KASSERINE NORD,KASSERINE,4,18,6,0
KAS1003,KASSERINE NORD,KASSERINE,6,17,6,0
KAS1045,KASSERINE NORD,KASSERINE,6,18,6,0
KAS1047,KASSERINE NORD,KASSERINE,6,17,6,0
KAS1048,KASSERINE NORD,KASSERINE,6,14,6,0
KAS1049,KASSERINE NORD,KASSERINE,5,13,6,0
KAS1040,KASSERINE NORD,KASSERINE,3,12,6,0
KAS1004,KASSERINE SUD,KASSERINE,3,10,0,0
KAS1005,KASSERINE SUD,KASSERINE,4,9,0,0
KEB1003,KEBILI NORD,KEBILI,5,12,3,0
KEB1006,KEBILI NORD,KEBILI,4,12,0,0
KEB1007,KEBILI NORD,KEBILI,3,12,0,0
KEB1025,KEBILI NORD,KEBILI,7,18,8,0
KEB1033,KEBILI NORD,KEBILI,3,12,0,0
KEB1004,KEBILI SUD,KEBILI,6,18,6,0
KEB1005,KEBILI SUD,KEBILI,4,16,6,0
KEB1008,KEBILI SUD,KEBILI,5,11,6,0
KEB1009,KEBILI SUD,KEBILI,6,14,6,0
KEB1021,KEBILI SUD,KEBILI,4,11,6,0
KEB1027,KEBILI SUD,KEBILI,4,11,0,0
KEB1039,KEBILI SUD,KEBILI,6,12,6,0
KEF1001,KEF EST,KEF,6,18,6,0
KEF1002,KEF EST,KEF,5,12,6,0
KEF1003,KEF EST,KEF,6,18,6,0
KEF1004,KEF EST,KEF,8,17,8,0
KEF1008,KEF EST,KEF,5,15,0,0
KEF1028,KEF EST,KEF,3,12,0,0
KEF1034,KEF EST,KEF,4,12,0,0
KEF1042,KEF EST,KEF,6,16,6,0
KEF1014,KEF OUEST,KEF,3,8,0,0
KEF1026,KEF OUEST,KEF,6,18,6,0
KEF1051,KEF OUEST,KEF,3,15,6,0
NAB1020,KELIBIA,NABEUL,5,15,6,0
NAB1019,KELIBIA,NABEUL,6,15,6,0
NAB1066,KELIBIA,NABEUL,6,16,6,0
NAB1067,KELIBIA,NABEUL,5,15,6,0
NAB1084,KELIBIA,NABEUL,5,#N/A,#N/A,0
NAB1097,KELIBIA,NABEUL,6,17,6,0
NAB1116,KELIBIA,NABEUL,6,15,6,0
NAB1131,KELIBIA,NABEUL,6,15,6,0
NAB1133,KELIBIA,NABEUL,5,12,0,0
NAB1150,KELIBIA,NABEUL,6,15,0,0
NAB1153,KELIBIA,NABEUL,6,15,6,0
NAB1175,KELIBIA,NABEUL,6,17,6,0
NAB1176,KELIBIA,NABEUL,5,15,0,0
NAB1202,KELIBIA,NABEUL,6,13,0,0
NAB2058,KELIBIA,NABEUL,5,#N/A,#N/A,0
NAB2043,KELIBIA,NABEUL,7,#N/A,#N/A,0
NAB1179,KELIBIA,NABEUL,8,20,0,0
NAB1282,KELIBIA,NABEUL,3,12,9,0
SFX1035,KERKENNAH,SFAX,5,2,8,0
SFX1036,KERKENNAH,SFAX,6,4,8,0
SFX1037,KERKENNAH,SFAX,4,12,0,0
SFX1047,KERKENNAH,SFAX,3,9,6,0
SFX1101,KERKENNAH,SFAX,4,12,0,0
SFX1102,KERKENNAH,SFAX,5,9,6,0
SFX1135,KERKENNAH,SFAX,3,9,0,0
SFX1136,KERKENNAH,SFAX,3,6,0,0
SFX1137,KERKENNAH,SFAX,4,8,0,0
SFX1322,KERKENNAH,SFAX,4,16,0,0
SFX1342,KERKENNAH,SFAX,6,9,6,0
SIL1024,KESRA,SILIANA,#N/A,#N/A,#N/A,0
SLO1011,KESRA,SILIANA,6,9,0,0
SLO1028,KESRA,SILIANA,4,6,0,0
SLT1079,KESRA,SILIANA,8,12,0,0
SLT1069,KESRA,SILIANA,4,6,0,0
SLO1024,KESRA,SILIANA,4,10,0,0
SOS1022,KONDAR,SOUSSE,7,22,0,0
SOS1095,KONDAR,SOUSSE,4,12,0,0
NAB1032,KORBA,NABEUL,6,15,6,0
NAB1033,KORBA,NABEUL,4,12,4,0
NAB1039,KORBA,NABEUL,6,15,6,0
NAB1040,KORBA,NABEUL,7,17,8,0
NAB1064,KORBA,NABEUL,6,16,6,0
NAB1125,KORBA,NABEUL,4,15,0,0
NAB1127,KORBA,NABEUL,6,15,0,0
NAB1139,KORBA,NABEUL,6,15,6,0
NAB1143,KORBA,NABEUL,6,15,0,0
NAB1151,KORBA,NABEUL,4,15,6,0
NAB1169,KORBA,NABEUL,8,14,8,0
NAB1197,KORBA,NABEUL,6,15,6,0
NAB2062,KORBA,NABEUL,1,1,0,0
NAB2041,KORBA,NABEUL,1,3,0,0
NAB2071,KORBA,Nabeul,1,1,0,0
GAF1006,KSAR,GAFSA,6,17,6,0
GAF1014,KSAR,GAFSA,4,12,0,0
GAF1018,KSAR,GAFSA,4,6,0,0
GAF1034,KSAR,GAFSA,6,15,6,0
GAF1035,KSAR,GAFSA,6,17,6,0
GAF1057,KSAR,Gafsa,3,12,9,0
MON1022,KSAR HELLAL,MONASTIR,5,12,6,0
MON1051,KSAR HELLAL,MONASTIR,6,15,6,0
MON1054,KSAR HELLAL,MONASTIR,6,16,6,0
MON1061,KSAR HELLAL,MONASTIR,6,16,6,0
MON1066,KSAR HELLAL,MONASTIR,5,13,3,0
MON1104,KSAR HELLAL,MONASTIR,3,12,6,0
MON1021,KSIBET MEDIOUNI,MONASTIR,4,15,6,0
MON1024,KSIBET MEDIOUNI,MONASTIR,6,12,6,0
MON1026,KSIBET MEDIOUNI,MONASTIR,5,17,6,0
MON1075,KSIBET MEDIOUNI,MONASTIR,6,15,0,0
MON2019,KSIBET MEDIOUNI,MONASTIR,1,1,0,0
MAH1008,KSOUR ESSAF,MAHDIA,6,16,6,0
MAH1009,KSOUR ESSAF,MAHDIA,6,21,6,0
MAH1013,KSOUR ESSAF,MAHDIA,6,18,6,0
MAH1034,KSOUR ESSAF,MAHDIA,4,11,4,0
MAH1051,KSOUR ESSAF,MAHDIA,6,17,6,0
MAH1078,KSOUR ESSAF,MAHDIA,5,15,6,0
MAH1081,KSOUR ESSAF,MAHDIA,7,21,8,0
MAH1012,KSOUR ESSAF,MAHDIA,2,#N/A,#N/A,0
MAH1072,KSOUR ESSAF,MAHDIA,6,12,6,0
MAH1122,KSOUR ESSAF,MAHDIA,6,12,6,0
TUN1634,LA GOULETTE,TUNIS,6,12,6,6
TUN1076,LA GOULETTE,TUNIS,6,12,9,6
TUN1185,LA GOULETTE,TUNIS,5,12,6,6
TUN1191,LA GOULETTE,TUNIS,4,9,6,6
TUN1198,LA GOULETTE,TUNIS,3,15,6,6
TUN1205,LA GOULETTE,TUNIS,3,8,6,4
TUN1228,LA GOULETTE,TUNIS,5,15,6,4
TUN1252,LA GOULETTE,TUNIS,4,6,4,4
TUN1304,LA GOULETTE,TUNIS,5,12,12,6
TUN1337,LA GOULETTE,TUNIS,5,10,9,0
TUN1363,LA GOULETTE,TUNIS,4,9,9,6
TUN1364,LA GOULETTE,TUNIS,#N/A,#N/A,#N/A,6
TUN1397,LA GOULETTE,TUNIS,4,9,6,0
TUN1425,LA GOULETTE,TUNIS,4,15,0,0
TUN1429,LA GOULETTE,TUNIS,3,16,9,6
TUN1467,LA GOULETTE,TUNIS,6,12,9,0
TUN1482,LA GOULETTE,TUNIS,4,15,9,0
TUN1609,LA GOULETTE,TUNIS,6,15,9,6
TUN1611,LA GOULETTE,TUNIS,3,12,6,0
TUN1630,LA GOULETTE,TUNIS,4,12,6,0
TUN2100,LA GOULETTE,TUNIS,1,0,0,0
TUN2102,LA GOULETTE,TUNIS,#N/A,#N/A,#N/A,0
TUN2104,LA GOULETTE,TUNIS,1,0,0,0
TUN2133,LA GOULETTE,TUNIS,1,2,0,0
TUN2160,LA GOULETTE,TUNIS,1,1,0,0
TUN2202,LA GOULETTE,TUNIS,#N/A,#N/A,#N/A,0
TUN2215,LA GOULETTE,TUNIS,#N/A,#N/A,#N/A,0
TUN2225,LA GOULETTE,TUNIS,#N/A,#N/A,#N/A,0
TUN2234,LA GOULETTE,TUNIS,2,6,2,0
TUN2098,LA GOULETTE,TUNIS,#N/A,#N/A,#N/A,0
TUN2101,LA GOULETTE,TUNIS,#N/A,#N/A,#N/A,0
TUN2103,LA GOULETTE,TUNIS,#N/A,#N/A,#N/A,0
TUN2226,LA GOULETTE,TUNIS,1,1,0,0
TUN1648,LA GOULETTE,TUNIS,6,15,9,0
TUN1638,LA GOULETTE,TUNIS,4,11,12,0
TUN1734,LA GOULETTE,TUNIS,3,9,6,0
TUN1763,LA GOULETTE,TUNIS,6,9,9,0
TUN1008,LA MARSA,TUNIS,2,8,4,4
TUN1017,LA MARSA,TUNIS,3,15,6,6
TUN1019,LA MARSA,TUNIS,4,15,6,6
TUN1020,LA MARSA,TUNIS,3,12,6,6
TUN1034,LA MARSA,TUNIS,6,18,9,6
TUN1040,LA MARSA,TUNIS,4,15,9,0
TUN1042,LA MARSA,TUNIS,3,12,6,0
TUN1113,LA MARSA,TUNIS,5,15,6,6
TUN1114,LA MARSA,TUNIS,3,15,3,6
TUN1117,LA MARSA,TUNIS,3,10,6,4
TUN1125,LA MARSA,TUNIS,6,15,9,0
TUN1182,LA MARSA,TUNIS,#N/A,#N/A,#N/A,6
TUN1233,LA MARSA,TUNIS,3,12,6,6
TUN1234,LA MARSA,TUNIS,3,15,6,6
TUN1235,LA MARSA,TUNIS,4,8,0,4
TUN1244,LA MARSA,TUNIS,6,20,12,0
TUN1286,LA MARSA,TUNIS,6,15,9,6
TUN1315,LA MARSA,TUNIS,5,12,9,0
TUN1316,LA MARSA,TUNIS,4,12,3,0
TUN1323,LA MARSA,TUNIS,5,15,9,0
TUN1354,LA MARSA,TUNIS,5,15,9,0
TUN1371,LA MARSA,TUNIS,3,12,6,6
TUN1444,LA MARSA,TUNIS,4,12,9,0
TUN1477,LA MARSA,TUNIS,3,6,6,0
TUN1486,LA MARSA,TUNIS,6,12,9,6
TUN1493,LA MARSA,TUNIS,3,15,6,0
TUN1614,LA MARSA,TUNIS,5,9,9,0
TUN1616,LA MARSA,TUNIS,3,15,6,6
TUN1617,LA MARSA,TUNIS,8,12,12,0
TUN1618,LA MARSA,TUNIS,4,18,9,6
TUN1625,LA MARSA,TUNIS,6,17,6,6
TUN1626,LA MARSA,TUNIS,3,15,9,0
TUN1635,LA MARSA,TUNIS,5,20,12,6
TUN1642,LA MARSA,TUNIS,6,15,9,0
TUN1710,LA MARSA,TUNIS,6,15,9,6
TUN2005,LA MARSA,TUNIS,1,2,1,0
TUN2007,LA MARSA,TUNIS,1,1,0,0
TUN2016,LA MARSA,TUNIS,1,2,1,0
TUN2024,LA MARSA,TUNIS,2,2,0,0
TUN2064,LA MARSA,TUNIS,1,0,0,0
TUN2128,LA MARSA,TUNIS,#N/A,#N/A,#N/A,0
TUN1773,LA MARSA,TUNIS,3,12,0,0
TUN1359,LA MARSA,TUNIS,6,9,6,0
TUN1764,LA MARSA,TUNIS,6,9,6,0
TUN1774,La Marsa,Tunis,6,9,6,0
TUN2240,La Marsa,TUNIS,4,4,4,0
TUN1628,LA MARSA,TUNIS,3,12,9,0
TUN1678,LA MEDINA,TUNIS,3,7,6,0
TUN1030,LE KRAM,TUNIS,7,12,12,6
TUN1152,LE KRAM,TUNIS,6,16,9,6
TUN1153,LE KRAM,TUNIS,4,15,9,6
TUN1183,LE KRAM,TUNIS,6,12,6,6
TUN1188,LE KRAM,TUNIS,5,15,9,6
TUN1189,LE KRAM,TUNIS,6,14,12,6
TUN1218,LE KRAM,TUNIS,4,12,6,6
TUN1291,LE KRAM,TUNIS,5,9,6,6
TUN1344,LE KRAM,TUNIS,6,12,12,6
TUN1351,LE KRAM,TUNIS,5,15,9,6
TUN1366,LE KRAM,TUNIS,6,15,9,6
TUN1374,LE KRAM,TUNIS,6,16,9,0
TUN1375,LE KRAM,TUNIS,4,12,9,6
TUN1379,LE KRAM,TUNIS,4,16,12,0
TUN1395,LE KRAM,TUNIS,4,15,9,6
TUN1424,LE KRAM,TUNIS,7,12,12,6
TUN1469,LE KRAM,TUNIS,6,20,12,6
TUN1615,LE KRAM,TUNIS,5,12,9,0
TUN2076,LE KRAM,TUNIS,1,0,0,0
TUN2151,LE KRAM,TUNIS,1,1,0,0
TUN2011,LE KRAM,TUNIS,1,0,0,0
TUN1259,LE KRAM,TUNIS,6,9,9,0
TUN1219,LE KRAM,TUNIS,3,9,9,0
TUN1600,LE KRAM,TUNIS,3,9,9,0
TUN1722,LE KRAM,TUNIS,3,9,9,0
MAH1001,MAHDIA,MAHDIA,5,12,6,0
MAH1002,MAHDIA,MAHDIA,5,12,6,0
MAH1005,MAHDIA,MAHDIA,5,12,3,0
MAH1006,MAHDIA,MAHDIA,5,15,6,0
MAH1007,MAHDIA,MAHDIA,4,#N/A,#N/A,0
MAH1017,MAHDIA,MAHDIA,6,15,6,0
MAH1018,MAHDIA,MAHDIA,4,15,6,0
MAH1019,MAHDIA,MAHDIA,6,20,6,0
MAH1022,MAHDIA,MAHDIA,4,10,4,0
MAH1023,MAHDIA,MAHDIA,3,15,6,0
MAH1035,MAHDIA,MAHDIA,6,16,6,0
MAH1038,MAHDIA,MAHDIA,4,13,3,0
MAH1042,MAHDIA,MAHDIA,6,16,6,0
MAH1046,MAHDIA,MAHDIA,5,15,6,0
MAH1055,MAHDIA,MAHDIA,5,15,6,0
MAH1056,MAHDIA,MAHDIA,5,12,6,0
MAH1058,MAHDIA,MAHDIA,5,12,6,0
MAH1064,MAHDIA,MAHDIA,3,15,6,0
MAH1065,MAHDIA,MAHDIA,5,15,6,0
MAH1090,MAHDIA,MAHDIA,4,15,6,0
MAH1092,MAHDIA,MAHDIA,4,15,0,0
MAH2004,MAHDIA,MAHDIA,1,2,0,0
MAH2005,MAHDIA,MAHDIA,1,1,0,0
MAH2008,MAHDIA,MAHDIA,1,1,0,0
MAH2010,MAHDIA,MAHDIA,1,1,0,0
MAH2002,MAHDIA,MAHDIA,5,#N/A,#N/A,0
MAH1097,MAHDIA,MAHDIA,6,12,6,0
MAH1125,MAHDIA,MAHDIA,6,15,6,0
MAH1068,MAHDIA,Mahdia,3,9,6,0
KAS1009,MAJEL BEL ABAS,KASSERINE,5,12,6,0
KAS1024,MAJEL BEL ABAS,KASSERINE,3,15,0,0
KAS1028,MAJEL BEL ABAS,KASSERINE,2,6,0,0
KAS1029,MAJEL BEL ABAS,KASSERINE,6,13,3,0
KAS1044,MAJEL BEL ABAS,KASSERINE,5,12,0,0
SIL1023,MAKTHAR,SILIANA,#N/A,#N/A,#N/A,0
SLO1009,MAKTHAR,SILIANA,5,9,6,0
SLO1034,MAKTHAR,SILIANA,6,9,0,0
SLO1038,MAKTHAR,SILIANA,4,6,0,0
SLT1099,MAKTHAR,SILIANA,6,9,0,0
SLT1100,MAKTHAR,SILIANA,6,9,0,0
SLT1068,MAKTHAR,SILIANA,6,9,0,0
SIL1009,MAKTHAR,SILIANA,#N/A,#N/A,#N/A,0
SIL1034,MAKTHAR,SILIANA,#N/A,#N/A,#N/A,0
SIL1038,MAKTHAR,SILIANA,#N/A,#N/A,#N/A,0
SLO1023,MAKTHAR,SILIANA,4,8,0,0
TUN1035,MANOUBA,MANOUBA,5,15,9,0
TUN1107,MANOUBA,MANOUBA,5,15,9,0
TUN1127,MANOUBA,MANOUBA,6,18,9,0
TUN1154,MANOUBA,MANOUBA,6,15,9,6
TUN1155,MANOUBA,MANOUBA,5,9,0,6
TUN1221,MANOUBA,MANOUBA,4,9,6,6
TUN1237,MANOUBA,MANOUBA,6,15,9,0
TUN1247,MANOUBA,MANOUBA,5,9,6,6
TUN1302,MANOUBA,MANOUBA,5,16,9,6
TUN1345,MANOUBA,MANOUBA,5,12,6,6
TUN1421,MANOUBA,MANOUBA,5,9,6,0
TUN1441,MANOUBA,MANOUBA,5,12,0,0
TUN1737,Manouba,MANOUBA,6,15,9,0
TUN1787,MANOUBA,MANOUBA,4,16,12,0
GAB1029,MANZEL HABIB,GABES,6,6,0,0
GAB1030,MANZEL HABIB,GABES,5,2,0,0
GAB1090,MANZEL HABIB,GABES,3,12,0,0
GAB1014,MARETH,GABES,5,15,0,0
GAB1015,MARETH,GABES,8,22,8,0
GAB1044,MARETH,GABES,6,16,6,0
GAB1045,MARETH,GABES,5,15,6,0
GAB1048,MARETH,GABES,6,20,8,0
GAB1055,MARETH,GABES,3,6,0,0
GAB1057,MARETH,GABES,6,14,6,0
GAB1068,MARETH,GABES,6,18,6,0
GAB1070,MARETH,GABES,4,6,0,0
GAB1071,MARETH,GABES,5,12,0,0
GAB1072,MARETH,GABES,5,16,8,0
GAB1089,MARETH,GABES,2,6,0,0
BIZ1021,MATEUR,BIZERTE,6,18,6,0
BIZ1022,MATEUR,BIZERTE,5,17,6,0
BIZ1030,MATEUR,BIZERTE,4,12,0,0
BIZ1042,MATEUR,BIZERTE,6,11,0,0
BIZ1046,MATEUR,BIZERTE,3,6,0,0
BIZ1073,MATEUR,BIZERTE,6,12,6,0
BIZ1074,MATEUR,BIZERTE,6,15,6,0
BIZ1076,MATEUR,BIZERTE,4,6,0,0
BIZ1086,MATEUR,BIZERTE,6,18,6,0
GAB1032,MATMATA ANCIENNE,GABES,4,12,6,0
GAB1042,MATMATA ANCIENNE,GABES,3,12,0,0
GAB1043,MATMATA ANCIENNE,GABES,3,12,0,0
GAB1046,MATMATA ANCIENNE,GABES,3,6,0,0
GAB1066,MATMATA ANCIENNE,GABES,4,16,0,0
GAB2001,MATMATA ANCIENNE,GABES,1,1,0,0
GAB1031,MATMATA NOUVELLE,GABES,5,6,6,0
SBO1010,MAZZOUNA,SIDI BOUZID,4,12,0,0
SBO1011,MAZZOUNA,SIDI BOUZID,6,18,8,0
SBO1034,MAZZOUNA,SIDI BOUZID,4,12,0,0
SBO1040,MAZZOUNA,SIDI BOUZID,4,12,0,0
GAF1024,MDHILLA,GAFSA,5,15,6,0
GAF1045,MDHILLA,GAFSA,3,3,0,0
BEJ1001,MEDJEZ EL BAB,BEJA,6,12,0,0
BEJ1002,MEDJEZ EL BAB,BEJA,5,#N/A,#N/A,0
BEJ1003,MEDJEZ EL BAB,BEJA,6,18,6,0
BEJ1004,MEDJEZ EL BAB,BEJA,4,6,0,0
BEJ1029,MEDJEZ EL BAB,BEJA,6,12,6,0
BEJ1030,MEDJEZ EL BAB,BEJA,4,13,0,0
BEJ1034,MEDJEZ EL BAB,BEJA,2,6,0,0
BEJ1046,MEDJEZ EL BAB,BEJA,4,12,0,0
BEJ1047,MEDJEZ EL BAB,BEJA,3,15,0,0
BEJ1053,MEDJEZ EL BAB,BEJA,5,11,0,0
BEJ1079,MEDJEZ EL BAB,BEJA,3,12,0,0
BEJ1050,MEDJEZ EL BAB,BEJA,6,12,0,0
MED1019,MEDNINE NORD,MEDNINE,6,17,6,0
MED1022,MEDNINE NORD,MEDNINE,6,18,6,0
MED1024,MEDNINE NORD,MEDNINE,7,22,8,0
MED1047,MEDNINE NORD,MEDNINE,6,1,6,0
MED1052,MEDNINE NORD,MEDNINE,6,15,6,0
MED1053,MEDNINE NORD,MEDNINE,4,12,4,0
MED1085,MEDNINE NORD,MEDNINE,5,18,3,0
MED1102,MEDNINE NORD,MEDNINE,3,5,0,0
MED1122,MEDNINE NORD,MEDNINE,5,15,6,0
MED1132,MEDNINE NORD,MEDNINE,6,15,0,0
MED1018,MEDNINE SUD,MEDNINE,6,18,6,0
MED1020,MEDNINE SUD,MEDNINE,6,15,6,0
MED1021,MEDNINE SUD,MEDNINE,6,18,6,0
MED1023,MEDNINE SUD,MEDNINE,8,24,8,0
MED1025,MEDNINE SUD,MEDNINE,6,18,3,0
MED1090,MEDNINE SUD,MEDNINE,4,15,0,0
MED1115,MEDNINE SUD,MEDNINE,6,18,6,0
MED1125,MEDNINE SUD,MEDNINE,4,15,0,0
MED1133,MEDNINE SUD,MEDNINE,3,17,8,0
MED1169,MEDNINE SUD,MEDNINE,3,9,9,0
BAR1010,MEGRINE,BEN AROUS,6,9,0,0
BAR1052,MEGRINE,BEN AROUS,7,14,12,0
BAR1085,MEGRINE,BEN AROUS,5,9,0,0
BAR1117,MEGRINE,BEN AROUS,6,8,12,0
BAR1154,MEGRINE,BEN AROUS,5,15,6,0
BAR1160,MEGRINE,BEN AROUS,5,12,0,0
BAR1169,MEGRINE,BEN AROUS,4,12,9,0
BAR1181,MEGRINE,BEN AROUS,4,12,6,0
BAR1183,MEGRINE,BEN AROUS,5,12,9,0
BAR2009,MEGRINE,BEN AROUS,4,#N/A,#N/A,0
BAR1205,MEGRINE,BEN AROUS,3,12,0,0
SBO1009,MEKNASSI,SIDI BOUZID,6,15,6,0
SBO1031,MEKNASSI,SIDI BOUZID,2,6,0,0
SBO1052,MEKNASSI,SIDI BOUZID,3,9,0,0
MAH1016,MELLOULECH,MAHDIA,6,17,6,0
MAH1041,MELLOULECH,MAHDIA,3,12,9,0
BIZ1013,MENZEL BOURGUIBA,BIZERTE,6,12,6,0
BIZ1043,MENZEL BOURGUIBA,BIZERTE,4,11,6,0
BIZ1047,MENZEL BOURGUIBA,BIZERTE,6,12,6,0
BIZ1048,MENZEL BOURGUIBA,BIZERTE,5,12,6,0
BIZ1068,MENZEL BOURGUIBA,BIZERTE,6,18,6,0
BIZ1069,MENZEL BOURGUIBA,BIZERTE,4,10,4,0
BIZ1077,MENZEL BOURGUIBA,BIZERTE,6,10,6,0
BIZ1091,MENZEL BOURGUIBA,BIZERTE,6,11,6,0
BIZ1109,MENZEL BOURGUIBA,BIZERTE,5,12,6,0
BIZ1120,MENZEL BOURGUIBA,BIZERTE,6,18,6,0
BIZ2006,MENZEL BOURGUIBA,BIZERTE,3,#N/A,#N/A,0
BIZ1121,MENZEL BOURGUIBA,BIZERTE,6,14,0,0
SBO1008,MENZEL BOUZAINE,SIDI BOUZID,5,13,6,0
SBO1036,MENZEL BOUZAINE,SIDI BOUZID,4,12,0,0
SBO1048,MENZEL BOUZAINE,SIDI BOUZID,4,15,0,0
NAB1027,MENZEL BOUZELFA,NABEUL,6,12,6,0
NAB1098,MENZEL BOUZELFA,NABEUL,6,15,6,0
NAB1118,MENZEL BOUZELFA,NABEUL,6,15,0,0
NAB1119,MENZEL BOUZELFA,NABEUL,6,15,6,0
NAB1146,MENZEL BOUZELFA,NABEUL,3,10,0,0
NAB1190,MENZEL BOUZELFA,NABEUL,6,14,0,0
NAB1206,MENZEL BOUZELFA,NABEUL,6,14,0,0
NAB1222,MENZEL BOUZELFA,NABEUL,6,15,0,0
NAB1271,MENZEL BOUZELFA,NABEUL,6,15,0,0
NAB1093,MENZEL BOUZELFA,NABEUL,5,#N/A,#N/A,0
SFX1057,MENZEL CHAKER,SFAX,5,2,0,0
SFX1068,MENZEL CHAKER,SFAX,6,12,0,0
SFX1069,MENZEL CHAKER,SFAX,5,12,0,0
SFX1070,MENZEL CHAKER,SFAX,7,12,0,0
SFX1139,MENZEL CHAKER,SFAX,6,17,0,0
SFX1151,MENZEL CHAKER,SFAX,6,12,0,0
SFX1152,MENZEL CHAKER,SFAX,3,9,0,0
SFX1168,MENZEL CHAKER,SFAX,3,9,0,0
SFX1183,MENZEL CHAKER,SFAX,6,14,0,0
SFX1184,MENZEL CHAKER,SFAX,6,14,0,0
SFX1249,MENZEL CHAKER,SFAX,5,11,0,0
SFX1252,MENZEL CHAKER,SFAX,3,9,0,0
BIZ1002,MENZEL DJEMIL,BIZERTE,5,16,6,0
BIZ1004,MENZEL DJEMIL,BIZERTE,6,15,6,0
BIZ1026,MENZEL DJEMIL,BIZERTE,5,#N/A,#N/A,0
BIZ1027,MENZEL DJEMIL,BIZERTE,6,17,6,0
BIZ1066,MENZEL DJEMIL,BIZERTE,6,15,6,0
BIZ1098,MENZEL DJEMIL,BIZERTE,5,15,6,0
BIZ1108,MENZEL DJEMIL,BIZERTE,6,16,6,0
BIZ1124,MENZEL DJEMIL,BIZERTE,2,10,4,0
BIZ1128,MENZEL DJEMIL,BIZERTE,6,14,8,0
BIZ1144,MENZEL DJEMIL,BIZERTE,6,15,6,0
BIZ1146,MENZEL DJEMIL,BIZERTE,3,9,9,0
NAB1018,MENZEL TEMIME,NABEUL,5,17,6,0
NAB1042,MENZEL TEMIME,NABEUL,6,17,6,0
NAB1065,MENZEL TEMIME,NABEUL,6,18,6,0
NAB1068,MENZEL TEMIME,NABEUL,4,10,4,0
NAB1096,MENZEL TEMIME,NABEUL,6,12,6,0
NAB1115,MENZEL TEMIME,NABEUL,6,16,6,0
NAB1165,MENZEL TEMIME,NABEUL,4,#N/A,#N/A,0
NAB1170,MENZEL TEMIME,NABEUL,8,17,0,0
NAB1171,MENZEL TEMIME,NABEUL,6,12,0,0
NAB1187,MENZEL TEMIME,NABEUL,8,18,8,0
NAB1274,MENZEL TEMIME,NABEUL,8,16,8,0
GAF1009,METLAOUI,GAFSA,7,16,8,0
GAF1010,METLAOUI,GAFSA,6,16,6,0
GAF1011,METLAOUI,GAFSA,3,12,0,0
GAF1039,METLAOUI,GAFSA,3,10,0,0
GAF1042,METLAOUI,GAFSA,5,17,6,0
GAF1043,METLAOUI,GAFSA,3,13,0,0
GAF1059,METLAOUI,GAFSA,6,17,6,0
GAF1060,METLAOUI,GAFSA,6,15,3,0
GAF1061,METLAOUI,GAFSA,6,14,6,0
GAF1064,METLAOUI,GAFSA,3,12,0,0
TOZ1007,METLAOUI,GAFSA,2,6,0,0
GAB1002,METOUIA,GABES,4,12,0,0
GAB1003,METOUIA,GABES,4,12,0,0
GAB1028,METOUIA,GABES,4,12,0,0
GAB1051,METOUIA,GABES,4,16,8,0
GAB1079,METOUIA,GABES,5,16,8,0
GAB1091,METOUIA,GABES,3,12,0,0
BAR1022,MOHAMEDIA,BEN AROUS,4,12,6,0
BAR1031,MOHAMEDIA,BEN AROUS,6,18,9,0
BAR1067,MOHAMEDIA,BEN AROUS,4,10,6,0
BAR1074,MOHAMEDIA,BEN AROUS,8,21,12,0
BAR1096,MOHAMEDIA,BEN AROUS,4,18,9,0
BAR1140,MOHAMEDIA,BEN AROUS,6,15,9,0
BAR1153,MOHAMEDIA,BEN AROUS,3,12,0,0
BAR1128,MOHAMEDIA,BEN AROUS,3,12,0,0
MAH1020,MOKNINE,MONASTIR,5,17,6,0
MON1023,MOKNINE,MONASTIR,5,13,6,0
MON1052,MOKNINE,MONASTIR,5,15,6,0
MON1053,MOKNINE,MONASTIR,3,10,4,0
MON1056,MOKNINE,MONASTIR,6,16,0,0
MON1065,MOKNINE,MONASTIR,6,16,6,0
MON1067,MOKNINE,MONASTIR,5,16,6,0
MON1068,MOKNINE,MONASTIR,6,17,8,0
MON1070,MOKNINE,MONASTIR,8,22,8,0
MON1086,MOKNINE,MONASTIR,5,14,6,0
MON1094,MOKNINE,MONASTIR,6,13,8,0
MON1105,MOKNINE,MONASTIR,6,16,0,0
MON1001,MONASTIR,MONASTIR,4,15,3,0
MON1002,MONASTIR,MONASTIR,3,6,0,0
MON1003,MONASTIR,MONASTIR,4,15,6,0
MON1004,MONASTIR,MONASTIR,5,15,6,0
MON1005,MONASTIR,MONASTIR,6,15,6,0
MON1006,MONASTIR,MONASTIR,3,6,4,0
MON1007,MONASTIR,MONASTIR,4,15,3,0
MON1008,MONASTIR,MONASTIR,6,12,8,0
MON1018,MONASTIR,MONASTIR,6,15,6,0
MON1019,MONASTIR,MONASTIR,8,16,8,0
MON1033,MONASTIR,MONASTIR,3,12,0,0
MON1035,MONASTIR,MONASTIR,5,16,0,0
MON1037,MONASTIR,MONASTIR,5,15,6,0
MON1038,MONASTIR,MONASTIR,3,9,4,0
MON1039,MONASTIR,MONASTIR,4,13,6,0
MON1040,MONASTIR,MONASTIR,6,16,6,0
MON1049,MONASTIR,MONASTIR,4,16,0,0
MON1050,MONASTIR,MONASTIR,5,17,6,0
MON1055,MONASTIR,MONASTIR,3,12,0,0
MON1057,MONASTIR,MONASTIR,3,#N/A,#N/A,0
MON1059,MONASTIR,MONASTIR,4,15,0,0
MON1062,MONASTIR,MONASTIR,4,12,0,0
MON1074,MONASTIR,MONASTIR,3,12,6,0
MON1076,MONASTIR,MONASTIR,6,17,6,0
MON1077,MONASTIR,MONASTIR,4,6,0,0
MON1078,MONASTIR,MONASTIR,5,15,6,0
MON1082,MONASTIR,MONASTIR,6,15,0,0
MON1096,MONASTIR,MONASTIR,5,12,0,0
MON1098,MONASTIR,MONASTIR,5,12,6,0
MON1107,MONASTIR,MONASTIR,5,16,4,0
MON1501,MONASTIR,MONASTIR,4,12,8,0
MON2002,MONASTIR,MONASTIR,1,2,0,0
MON2017,MONASTIR,MONASTIR,5,#N/A,#N/A,0
MON1111,MONASTIR,MONASTIR,6,15,6,0
MON1133,MONASTIR,MONASTIR,3,12,6,0
BAR1008,MORNAG,BEN AROUS,7,8,12,0
BAR1038,MORNAG,BEN AROUS,6,15,9,0
BAR1064,MORNAG,BEN AROUS,6,16,9,0
BAR1075,MORNAG,BEN AROUS,5,10,12,0
BAR1080,MORNAG,BEN AROUS,7,12,12,0
BAR1115,MORNAG,BEN AROUS,3,12,9,0
BAR1116,MORNAG,BEN AROUS,5,12,9,0
BAR1138,MORNAG,BEN AROUS,5,9,6,0
BAR1145,MORNAG,BEN AROUS,5,11,3,0
BAR1155,MORNAG,BEN AROUS,4,18,9,0
BAR1156,MORNAG,BEN AROUS,4,15,6,0
BAR1165,MORNAG,BEN AROUS,6,18,9,0
BAR1168,MORNAG,BEN AROUS,6,13,3,6
BAR1178,MORNAG,BEN AROUS,4,12,3,0
BAR1025,MOUROUJ,BEN AROUS,8,8,12,6
BAR1026,MOUROUJ,BEN AROUS,5,16,6,6
BAR1027,MOUROUJ,BEN AROUS,6,10,9,6
BAR1028,MOUROUJ,BEN AROUS,6,18,9,6
BAR1069,MOUROUJ,BEN AROUS,5,12,9,6
BAR1072,MOUROUJ,BEN AROUS,6,18,9,6
BAR1101,MOUROUJ,BEN AROUS,6,16,9,0
BAR1105,MOUROUJ,BEN AROUS,6,12,6,0
BAR1106,MOUROUJ,BEN AROUS,6,18,9,6
BAR1111,MOUROUJ,BEN AROUS,5,12,9,6
BAR1177,MOUROUJ,BEN AROUS,5,12,9,0
BAR1151,MOUROUJ,BEN AROUS,3,9,6,0
MON1029,M'SAKEN,SOUSSE,5,15,6,0
SOS1015,M'SAKEN,SOUSSE,6,16,6,0
SOS1019,M'SAKEN,SOUSSE,6,14,0,0
SOS1020,M'SAKEN,SOUSSE,5,13,0,0
SOS1033,M'SAKEN,SOUSSE,6,15,6,6
SOS1035,M'SAKEN,SOUSSE,6,16,6,0
SOS1049,M'SAKEN,SOUSSE,6,12,0,0
SOS1066,M'SAKEN,SOUSSE,3,4,0,0
SOS1075,M'SAKEN,SOUSSE,6,12,6,0
SOS1078,M'SAKEN,SOUSSE,5,15,0,0
SOS1080,M'SAKEN,SOUSSE,6,15,3,6
SOS1083,M'SAKEN,SOUSSE,6,18,0,0
SOS1087,M'SAKEN,SOUSSE,6,12,6,0
SOS1089,M'SAKEN,SOUSSE,8,13,8,0
SOS1101,M'SAKEN,SOUSSE,6,16,6,0
SOS1108,M'SAKEN,SOUSSE,6,12,0,0
SOS1126,M'SAKEN,SOUSSE,6,12,6,0
SOS1131,M'SAKEN,SOUSSE,6,15,6,0
SOS1141,M'SAKEN,SOUSSE,6,14,6,0
SOS1172,M'SAKEN,SOUSSE,6,18,6,0
SOS1137,M'SAKEN,SOUSSE,#N/A,#N/A,#N/A,0
SOS1130,M'SAKEN,SOUSSE,3,12,6,0
SOS1140,M'SAKEN,SOUSSE,4,12,8,0
NAB1007,NABEUL,NABEUL,5,12,6,6
NAB1044,NABEUL,NABEUL,6,15,6,6
NAB1046,NABEUL,NABEUL,5,12,0,6
NAB1047,NABEUL,NABEUL,8,20,0,6
NAB1048,NABEUL,NABEUL,5,12,0,6
NAB1049,NABEUL,NABEUL,8,20,8,6
NAB1050,NABEUL,NABEUL,8,12,8,6
NAB1051,NABEUL,NABEUL,6,16,6,6
NAB1061,NABEUL,NABEUL,7,19,4,0
NAB1072,NABEUL,NABEUL,6,15,0,0
NAB1074,NABEUL,NABEUL,3,12,0,6
NAB1075,NABEUL,NABEUL,6,15,6,6
NAB1076,NABEUL,NABEUL,6,12,0,6
NAB1077,NABEUL,NABEUL,6,12,0,6
NAB1079,NABEUL,NABEUL,5,12,6,6
NAB1081,NABEUL,NABEUL,7,16,8,6
NAB1111,NABEUL,NABEUL,5,15,0,6
NAB1113,NABEUL,NABEUL,6,15,6,6
NAB1114,NABEUL,NABEUL,3,12,6,0
NAB1132,NABEUL,NABEUL,7,20,8,0
NAB1194,NABEUL,NABEUL,3,15,0,0
NAB1195,NABEUL,NABEUL,6,12,0,0
NAB1200,NABEUL,NABEUL,4,15,3,0
NAB1220,NABEUL,NABEUL,6,15,6,6
NAB1252,NABEUL,NABEUL,4,16,6,0
NAB2010,NABEUL,NABEUL,7,#N/A,#N/A,0
NAB2056,NABEUL,NABEUL,1,1,0,0
NAB2057,NABEUL,NABEUL,4,#N/A,#N/A,0
NAB1224,NABEUL,NABEUL,5,#N/A,#N/A,0
NAB1201,NABEUL,NABEUL,6,15,0,0
NAB1250,NABEUL,NABEUL,6,12,6,0
NAB1275,NABEUL,NABEUL,6,12,0,0
TOZ1011,NAFTA,TOZEUR,4,12,0,0
TOZ1012,NAFTA,TOZEUR,8,16,8,0
TOZ1016,NAFTA,TOZEUR,2,6,0,0
TOZ1025,NAFTA,TOZEUR,6,11,0,0
KAI1019,NASRALLAH,KAIROUAN,3,4,0,0
KAI1029,NASRALLAH,KAIROUAN,4,18,0,0
KAI1030,NASRALLAH,KAIROUAN,4,11,0,0
KAI1056,NASRALLAH,KAIROUAN,3,12,0,0
KEF1018,NEBEUR,KEF,2,6,0,0
KEF1019,NEBEUR,KEF,3,6,0,0
KEF1020,NEBEUR,KEF,5,12,0,0
KEF1021,NEBEUR,KEF,5,12,0,0
KEF1022,NEBEUR,KEF,2,6,0,0
KEF1033,NEBEUR,KEF,2,6,0,0
BEJ1015,NEFZA,BEJA,6,15,0,0
BEJ1033,NEFZA,BEJA,6,12,6,0
BEJ1041,NEFZA,BEJA,4,11,0,0
JEN1022,NEFZA,BEJA,4,6,0,0
BAR1210,New_site,BEN AROUS,3,9,0,0
NAB1233,New_site,NABEUL,4,16,12,0
TUN1672,New_site,ARIANA,3,9,0,0
BAR1036,NOUVELLE MEDINA,BEN AROUS,6,16,9,6
BAR1044,NOUVELLE MEDINA,BEN AROUS,6,10,9,6
BAR1055,NOUVELLE MEDINA,BEN AROUS,6,18,9,6
BAR1059,NOUVELLE MEDINA,BEN AROUS,4,9,6,6
BAR1060,NOUVELLE MEDINA,BEN AROUS,6,22,9,6
BAR1061,NOUVELLE MEDINA,BEN AROUS,6,18,9,6
BAR1099,NOUVELLE MEDINA,BEN AROUS,1,12,9,6
BAR1164,NOUVELLE MEDINA,BEN AROUS,5,12,9,0
BAR2001,NOUVELLE MEDINA,BEN AROUS,2,2,0,0
BAR2012,NOUVELLE MEDINA,BEN AROUS,1,1,0,0
MAH1028,OUED CHAMEKH,MAHDIA,3,18,0,0
MAH1075,OUED CHAMEKH,MAHDIA,4,12,8,0
TUN1088,OUED ELLIL,MANOUBA,4,14,6,0
TUN1138,OUED ELLIL,MANOUBA,6,9,9,0
TUN1150,OUED ELLIL,MANOUBA,6,9,0,0
TUN1170,OUED ELLIL,MANOUBA,5,12,9,0
TUN1171,OUED ELLIL,MANOUBA,6,15,9,6
TUN1266,OUED ELLIL,MANOUBA,6,15,9,0
TUN1267,OUED ELLIL,MANOUBA,6,17,9,0
TUN1285,OUED ELLIL,MANOUBA,5,12,6,6
TUN1355,OUED ELLIL,MANOUBA,5,15,3,6
TUN1428,OUED ELLIL,MANOUBA,6,18,9,6
TUN1433,OUED ELLIL,MANOUBA,6,9,6,0
TUN1440,OUED ELLIL,MANOUBA,5,18,9,0
TUN1450,OUED ELLIL,MANOUBA,6,12,9,6
JEN1015,OUED MELIZ,JENDOUBA,5,15,0,0
JEN1049,OUED MELIZ,JENDOUBA,4,14,0,0
JEN1053,OUED MELIZ,JENDOUBA,6,15,3,0
MON1010,OUERDANINE,MONASTIR,4,#N/A,#N/A,0
MON1108,OUERDANINE,MONASTIR,4,12,0,0
MON1092,OUERDANINE,MONASTIR,6,12,0,0
KAI1018,OUESLATIA,KAIROUAN,8,24,8,0
KAI1036,OUESLATIA,KAIROUAN,4,12,0,0
KAI1050,OUESLATIA,KAIROUAN,4,12,0,0
KAI1051,OUESLATIA,KAIROUAN,4,14,0,0
KAI1055,OUESLATIA,KAIROUAN,4,12,0,0
SLT1086,OUESLATIA,KAIROUAN,6,9,0,0
SBO1020,OULED HAFFOUZ,SIDI BOUZID,3,12,0,0
SBO1021,OULED HAFFOUZ,SIDI BOUZID,6,11,0,0
SBO1026,OULED HAFFOUZ,SIDI BOUZID,3,15,0,0
SBO1035,OULED HAFFOUZ,SIDI BOUZID,4,12,0,0
GAF1028,OUM LARAIS,GAFSA,8,24,12,0
GAF1029,OUM LARAIS,GAFSA,3,12,0,0
BEJ1067,Pb Naming Convention,BEJA,3,12,9,0
GAB1132,Pb Naming Convention,GABES,6,12,12,0
MAH1095,Pb Naming Convention,Mahdia,4,16,12,0
MON1114,Pb Naming Convention,MONASTIR,3,12,9,0
SBO1063,Pb Naming Convention,SIDI BOUZID,3,12,9,0
BAR1001,RADES,BEN AROUS,5,9,0,0
BAR1002,RADES,BEN AROUS,4,15,9,0
BAR1034,RADES,BEN AROUS,4,12,8,0
BAR1043,RADES,BEN AROUS,6,16,9,6
BAR1051,RADES,BEN AROUS,5,12,9,0
BAR1053,RADES,BEN AROUS,6,15,9,6
BAR1071,RADES,BEN AROUS,7,10,12,0
BAR1087,RADES,BEN AROUS,6,12,12,6
BAR1088,RADES,BEN AROUS,6,12,12,6
BAR1100,RADES,BEN AROUS,4,11,4,4
BAR1103,RADES,BEN AROUS,4,6,9,0
BAR1127,RADES,BEN AROUS,5,12,9,0
BAR1131,RADES,BEN AROUS,4,6,0,0
BAR1184,RADES,BEN AROUS,5,12,6,0
BAR1187,RADES,BEN AROUS,6,12,0,0
BAR1501,RADES,BEN AROUS,4,8,4,0
BAR1502,RADES,BEN AROUS,4,10,6,0
BAR2007,RADES,BEN AROUS,1,2,0,0
BAR2501,RADES,BEN AROUS,1,2,0,0
BAR2502,RADES,BEN AROUS,1,2,0,0
BAR2503,RADES,BEN AROUS,1,2,0,0
BAR2504,RADES,BEN AROUS,1,2,0,0
BAR2505,RADES,BEN AROUS,1,2,0,0
BAR2506,RADES,BEN AROUS,1,2,0,0
BAR2507,RADES,BEN AROUS,1,2,0,0
TUN2220,RADES,BEN AROUS,#N/A,#N/A,#N/A,0
BAR2011,RADES,BEN AROUS,7,#N/A,#N/A,0
BAR2508,RADES,BEN AROUS,1,3,0,0
BAR2509,RADES,BEN AROUS,1,3,0,0
BAR2510,RADES,BEN AROUS,1,3,0,0
BAR2511,RADES,BEN AROUS,1,3,0,0
BAR1175,RADES,BEN AROUS,3,9,6,0
BAR2552,RADES,BEN AROUS,1,2,0,0
TUN1332,RAOUED,ARIANA,5,15,9,0
TUN1742,RAOUED,ARIANA,6,12,6,0
TUN1093,RAOUED,ARIANA,3,12,6,0
TUN1094,RAOUED,ARIANA,6,10,9,6
TUN1095,RAOUED,ARIANA,6,18,9,6
TUN1103,RAOUED,ARIANA,5,12,6,0
TUN1104,RAOUED,ARIANA,6,12,12,6
TUN1209,RAOUED,ARIANA,3,12,6,6
TUN1306,RAOUED,ARIANA,5,12,9,6
TUN1317,RAOUED,ARIANA,4,12,0,0
TUN1362,RAOUED,ARIANA,5,14,9,0
TUN1370,RAOUED,ARIANA,7,22,9,6
TUN1402,RAOUED,ARIANA,5,18,9,6
TUN1414,RAOUED,ARIANA,4,8,8,0
TUN1455,RAOUED,ARIANA,4,12,6,0
TUN1459,RAOUED,ARIANA,5,18,12,0
TUN1481,RAOUED,ARIANA,5,15,9,0
TUN1612,RAOUED,ARIANA,3,12,9,0
TUN1632,RAOUED,ARIANA,5,16,12,0
TUN1636,RAOUED,ARIANA,4,12,9,6
TUN1644,RAOUED,ARIANA,7,16,6,0
TUN1647,RAOUED,ARIANA,4,15,6,0
TUN1652,RAOUED,ARIANA,5,15,9,6
TUN1673,RAOUED,ARIANA,3,12,0,0
TUN1688,RAOUED,ARIANA,3,12,0,0
TUN1679,Raoued,ARIANA,3,9,9,0
TUN1687,Raoued,ARIANA,6,9,6,0
TUN1692,RAOUED,ARIANA,4,12,12,0
BIZ1015,RAS EL DJEBEL,BIZERTE,5,15,6,0
BIZ1016,RAS EL DJEBEL,BIZERTE,3,12,4,0
BIZ1017,RAS EL DJEBEL,BIZERTE,8,16,8,0
BIZ1018,RAS EL DJEBEL,BIZERTE,5,16,6,0
BIZ1019,RAS EL DJEBEL,BIZERTE,8,16,8,0
BIZ1033,RAS EL DJEBEL,BIZERTE,3,2,0,0
BIZ1053,RAS EL DJEBEL,BIZERTE,6,15,6,0
BIZ1055,RAS EL DJEBEL,BIZERTE,5,15,6,0
BIZ1065,RAS EL DJEBEL,BIZERTE,4,11,0,0
BIZ1070,RAS EL DJEBEL,BIZERTE,6,12,6,0
BIZ1075,RAS EL DJEBEL,BIZERTE,3,8,0,0
BIZ1131,RAS EL DJEBEL,BIZERTE,6,15,6,0
BIZ2003,RAS EL DJEBEL,BIZERTE,3,#N/A,#N/A,0
BIZ2004,RAS EL DJEBEL,BIZERTE,4,#N/A,#N/A,0
BIZ2005,RAS EL DJEBEL,BIZERTE,1,1,0,0
GAF1026,REDEYEF,GAFSA,2,6,0,0
GAF1027,REDEYEF,GAFSA,5,18,6,0
GAF1044,REDEYEF,GAFSA,6,18,6,0
SBO1013,REGUEB,SIDI BOUZID,6,15,0,0
SBO1014,REGUEB,SIDI BOUZID,6,20,6,0
SBO1024,REGUEB,SIDI BOUZID,5,#N/A,#N/A,0
SBO1025,REGUEB,SIDI BOUZID,6,15,0,0
SBO1059,REGUEB,SIDI BOUZID,6,12,0,0
TAT1015,REMADA,TATAOUINE,2,6,0,0
TAT1016,REMADA,TATAOUINE,6,18,6,0
TAT1017,REMADA,TATAOUINE,4,14,0,0
TAT1034,REMADA,TATAOUINE,4,21,8,0
TAT1035,REMADA,TATAOUINE,4,16,0,0
TAT1036,REMADA,TATAOUINE,5,18,0,0
TAT1037,REMADA,TATAOUINE,3,0,0,0
TAT1041,REMADA,TATAOUINE,3,11,0,0
TAT1043,REMADA,TATAOUINE,3,3,0,0
TAT1057,REMADA,TATAOUINE,4,16,0,0
TAT1060,REMADA,TATAOUINE,4,16,0,0
TAT1063,REMADA,TATAOUINE,4,4,0,0
TAT1064,REMADA,TATAOUINE,4,4,0,0
TAT1065,REMADA,TATAOUINE,3,6,0,0
TAT1069,REMADA,TATAOUINE,4,16,0,0
TAT1070,REMADA,TATAOUINE,4,8,0,0
TAT1074,REMADA,TATAOUINE,6,16,4,0
TAT1078,REMADA,TATAOUINE,3,9,6,0
KAS1007,SABALET OULED ASKER,SIDI BOUZID,4,12,4,0
SBO1007,SABALET OULED ASKER,SIDI BOUZID,4,16,0,0
SBO1022,SABALET OULED ASKER,SIDI BOUZID,4,8,0,0
MON1009,SAHLINE,MONASTIR,6,12,6,0
MON1047,SAHLINE,MONASTIR,5,12,6,0
MON1058,SAHLINE,MONASTIR,6,12,0,0
MON1063,SAHLINE,MONASTIR,5,12,6,0
MON1100,SAHLINE,MONASTIR,3,12,6,0
SFX1013,SAKIET EDDAIR,SFAX,4,9,6,6
SFX1025,SAKIET EDDAIR,SFAX,3,3,6,6
SFX1038,SAKIET EDDAIR,SFAX,3,9,0,6
SFX1041,SAKIET EDDAIR,SFAX,8,12,6,6
SFX1042,SAKIET EDDAIR,SFAX,6,4,3,6
SFX1056,SAKIET EDDAIR,SFAX,4,3,6,6
SFX1080,SAKIET EDDAIR,SFAX,6,6,6,6
SFX1086,SAKIET EDDAIR,SFAX,5,9,4,4
SFX1087,SAKIET EDDAIR,SFAX,5,4,6,6
SFX1092,SAKIET EDDAIR,SFAX,8,6,6,6
SFX1094,SAKIET EDDAIR,SFAX,6,9,6,6
SFX1115,SAKIET EDDAIR,SFAX,4,9,0,6
SFX1116,SAKIET EDDAIR,SFAX,4,5,0,6
SFX1140,SAKIET EDDAIR,SFAX,6,5,6,0
SFX1141,SAKIET EDDAIR,SFAX,6,4,6,6
SFX1142,SAKIET EDDAIR,SFAX,5,3,6,0
SFX1153,SAKIET EDDAIR,SFAX,6,8,8,6
SFX1172,SAKIET EDDAIR,SFAX,4,3,6,6
SFX1185,SAKIET EDDAIR,SFAX,7,7,8,0
SFX1186,SAKIET EDDAIR,SFAX,6,9,6,6
SFX1198,SAKIET EDDAIR,SFAX,5,3,6,6
SFX1201,SAKIET EDDAIR,SFAX,3,4,3,0
SFX1205,SAKIET EDDAIR,SFAX,5,3,0,6
SFX1223,SAKIET EDDAIR,SFAX,5,5,0,6
SFX1273,SAKIET EDDAIR,SFAX,4,3,0,0
SFX1281,SAKIET EDDAIR,SFAX,5,3,0,0
SFX1285,SAKIET EDDAIR,Sfax,4,12,8,0
SFX1004,SAKIET EZZIT,SFAX,5,5,8,6
SFX1028,SAKIET EZZIT,SFAX,5,3,6,6
SFX1040,SAKIET EZZIT,SFAX,8,5,8,6
SFX1066,SAKIET EZZIT,SFAX,6,3,6,6
SFX1067,SAKIET EZZIT,SFAX,4,9,6,6
SFX1081,SAKIET EZZIT,SFAX,5,3,6,6
SFX1110,SAKIET EZZIT,SFAX,5,3,0,6
SFX1111,SAKIET EZZIT,SFAX,3,9,0,0
SFX1119,SAKIET EZZIT,SFAX,7,6,8,6
SFX1120,SAKIET EZZIT,SFAX,6,4,6,0
SFX1154,SAKIET EZZIT,SFAX,5,3,3,6
SFX1155,SAKIET EZZIT,SFAX,6,5,3,6
SFX1164,SAKIET EZZIT,SFAX,5,4,6,6
SFX1165,SAKIET EZZIT,SFAX,3,9,6,0
SFX1204,SAKIET EZZIT,SFAX,5,3,6,0
SFX1215,SAKIET EZZIT,SFAX,4,3,0,0
SFX1226,SAKIET EZZIT,SFAX,3,9,0,6
SFX1234,SAKIET EZZIT,SFAX,4,9,6,0
SFX1270,SAKIET EZZIT,SFAX,4,12,0,0
SFX1289,SAKIET EZZIT,SFAX,4,3,0,0
SFX1318,SAKIET EZZIT,SFAX,4,3,0,0
SFX2057,SAKIET EZZIT,SFAX,1,1,0,0
SFX1317,SAKIET EZZIT,SFAX,6,12,12,0
KEF1013,SAKIET SIDI YOUSSEF,KEF,4,6,0,0
KEF1025,SAKIET SIDI YOUSSEF,KEF,3,9,0,0
KEF1043,SAKIET SIDI YOUSSEF,KEF,4,10,0,0
KEF1044,SAKIET SIDI YOUSSEF,KEF,3,12,0,0
ZGO1031,SAOUAF,ZAGHOUAN,7,13,0,0
ZGT1066,SAOUAF,ZAGHOUAN,4,12,0,0
ZGT1067,SAOUAF,ZAGHOUAN,6,9,0,0
MON1016,SAYADA LALTA BOUHJAR,MONASTIR,4,9,4,0
MON1025,SAYADA LALTA BOUHJAR,MONASTIR,4,12,6,0
MON1043,SAYADA LALTA BOUHJAR,MONASTIR,4,10,4,0
MON1079,SAYADA LALTA BOUHJAR,MONASTIR,6,13,0,0
MON1088,SAYADA LALTA BOUHJAR,MONASTIR,5,12,0,0
KAS1006,SBEITLA,KASSERINE,5,13,6,0
KAS1008,SBEITLA,KASSERINE,4,10,4,0
KAS1019,SBEITLA,KASSERINE,4,12,0,0
KAS1022,SBEITLA,KASSERINE,6,10,6,0
KAS1026,SBEITLA,KASSERINE,6,15,6,0
KAS1033,SBEITLA,KASSERINE,6,12,0,0
KAS1039,SBEITLA,KASSERINE,6,18,8,0
SBO1004,SBEITLA,KASSERINE,2,12,0,0
KAS1056,SBEITLA,KASSERINE,3,12,6,0
KAS1020,SBIBA,KASSERINE,4,10,0,0
KAS1021,SBIBA,KASSERINE,6,15,6,0
KAI1017,SBIKHA,KAIROUAN,5,5,6,0
KAI1028,SBIKHA,KAIROUAN,6,6,6,0
KAI1046,SBIKHA,KAIROUAN,8,22,8,0
BIZ1024,SEDJNANE,BIZERTE,4,12,0,0
BIZ1044,SEDJNANE,BIZERTE,4,12,0,0
BIZ1045,SEDJNANE,BIZERTE,6,18,0,0
BIZ1050,SEDJNANE,BIZERTE,4,12,0,0
BIZ1051,SEDJNANE,BIZERTE,4,12,0,0
BIZ1088,SEDJNANE,BIZERTE,4,12,0,0
BIZ1111,SEDJNANE,BIZERTE,4,12,0,0
GAF1015,SENED,GAFSA,3,12,4,0
GAF1016,SENED,GAFSA,8,18,8,0
GAF1031,SENED,GAFSA,6,18,0,0
GAF1054,SENED,GAFSA,5,12,0,0
GAF1055,SENED,GAFSA,3,12,0,0
GAF1056,SENED,GAFSA,5,17,0,0
KEF1011,SERS,KEF,7,16,8,0
KEF1027,SERS,KEF,6,12,6,0
KEF1030,SERS,KEF,3,10,0,0
SFX1126,Sfax,Sfax,3,9,9,0
SFX1146,SFAX,SFAX,6,9,0,0
SFX1005,SFAX MEDINA,SFAX,6,3,0,0
SFX1006,SFAX MEDINA,SFAX,6,3,6,6
SFX1007,SFAX MEDINA,SFAX,6,3,6,6
SFX1008,SFAX MEDINA,SFAX,5,3,6,6
SFX1009,SFAX MEDINA,SFAX,5,9,6,6
SFX1010,SFAX MEDINA,SFAX,4,3,0,0
SFX1011,SFAX MEDINA,SFAX,4,7,4,0
SFX1016,SFAX MEDINA,SFAX,4,3,6,6
SFX1027,SFAX MEDINA,SFAX,6,4,3,6
SFX1034,SFAX MEDINA,SFAX,6,9,6,0
SFX1055,SFAX MEDINA,SFAX,3,9,6,6
SFX1074,SFAX MEDINA,SFAX,5,4,3,6
SFX1076,SFAX MEDINA,SFAX,5,3,6,0
SFX1077,SFAX MEDINA,SFAX,6,3,6,6
SFX1079,SFAX MEDINA,SFAX,#N/A,#N/A,#N/A,0
SFX1084,SFAX MEDINA,SFAX,6,12,6,6
SFX1085,SFAX MEDINA,SFAX,6,12,0,0
SFX1104,SFAX MEDINA,SFAX,5,9,6,6
SFX1105,SFAX MEDINA,SFAX,2,6,4,4
SFX1108,SFAX MEDINA,SFAX,4,3,6,6
SFX1109,SFAX MEDINA,SFAX,5,12,8,0
SFX1114,SFAX MEDINA,SFAX,6,3,0,0
SFX1123,SFAX MEDINA,SFAX,6,3,6,6
SFX1124,SFAX MEDINA,SFAX,4,9,0,6
SFX1125,SFAX MEDINA,SFAX,6,4,6,6
SFX1127,SFAX MEDINA,SFAX,5,3,3,0
SFX1129,SFAX MEDINA,SFAX,5,9,6,0
SFX1132,SFAX MEDINA,SFAX,4,6,6,6
SFX1133,SFAX MEDINA,SFAX,6,3,6,6
SFX1134,SFAX MEDINA,SFAX,3,9,0,6
SFX1148,SFAX MEDINA,SFAX,5,3,6,6
SFX1182,SFAX MEDINA,SFAX,6,6,6,6
SFX1192,SFAX MEDINA,SFAX,3,9,0,0
SFX1193,SFAX MEDINA,SFAX,3,9,0,0
SFX1194,SFAX MEDINA,SFAX,6,9,6,6
SFX1196,SFAX MEDINA,SFAX,6,6,6,6
SFX1230,SFAX MEDINA,SFAX,3,9,0,6
SFX1247,SFAX MEDINA,SFAX,3,3,0,0
SFX1256,SFAX MEDINA,SFAX,4,9,6,0
SFX2001,SFAX MEDINA,SFAX,1,0,0,0
SFX2004,SFAX MEDINA,SFAX,1,0,0,0
SFX2009,SFAX MEDINA,SFAX,#N/A,#N/A,#N/A,0
SFX2010,SFAX MEDINA,SFAX,#N/A,#N/A,#N/A,0
SFX2011,SFAX MEDINA,SFAX,1,0,0,0
SFX2012,SFAX MEDINA,SFAX,1,2,0,0
SFX2013,SFAX MEDINA,SFAX,#N/A,#N/A,#N/A,0
SFX2014,SFAX MEDINA,SFAX,#N/A,#N/A,#N/A,0
SFX2015,SFAX MEDINA,SFAX,#N/A,#N/A,#N/A,0
SFX2016,SFAX MEDINA,SFAX,1,0,0,0
SFX2017,SFAX MEDINA,SFAX,#N/A,#N/A,#N/A,0
SFX2021,SFAX MEDINA,SFAX,2,4,0,0
SFX2026,SFAX MEDINA,SFAX,1,0,0,0
SFX2027,SFAX MEDINA,SFAX,1,0,0,0
SFX2031,SFAX MEDINA,SFAX,#N/A,#N/A,#N/A,0
SFX2034,SFAX MEDINA,SFAX,1,0,0,0
SFX2036,SFAX MEDINA,SFAX,1,4,0,0
SFX2037,SFAX MEDINA,SFAX,1,1,0,0
SFX2038,SFAX MEDINA,SFAX,#N/A,#N/A,#N/A,0
SFX2039,SFAX MEDINA,SFAX,#N/A,#N/A,#N/A,0
SFX2043,SFAX MEDINA,SFAX,#N/A,#N/A,#N/A,0
SFX2044,SFAX MEDINA,SFAX,#N/A,#N/A,#N/A,0
SFX2047,SFAX MEDINA,SFAX,#N/A,#N/A,#N/A,0
SFX2049,SFAX MEDINA,SFAX,1,1,0,0
SFX2051,SFAX MEDINA,SFAX,1,1,0,0
SFX2052,SFAX MEDINA,SFAX,1,2,0,0
SFX2056,SFAX MEDINA,SFAX,1,3,0,0
SFX2018,SFAX MEDINA,SFAX,1,0,0,0
SFX2032,SFAX MEDINA,SFAX,#N/A,#N/A,#N/A,0
SFX2035,SFAX MEDINA,SFAX,#N/A,#N/A,#N/A,0
SFX2045,SFAX MEDINA,SFAX,#N/A,#N/A,#N/A,0
SFX1012,SFAX OUEST,SFAX,4,6,6,6
SFX1014,SFAX OUEST,SFAX,4,3,6,6
SFX1015,SFAX OUEST,SFAX,4,3,6,6
SFX1017,SFAX OUEST,SFAX,5,2,0,6
SFX1018,SFAX OUEST,SFAX,5,3,6,6
SFX1019,SFAX OUEST,SFAX,5,4,6,6
SFX1020,SFAX OUEST,SFAX,5,3,6,6
SFX1043,SFAX OUEST,SFAX,6,3,6,6
SFX1075,SFAX OUEST,SFAX,6,3,6,6
SFX1112,SFAX OUEST,SFAX,3,9,0,6
SFX1130,SFAX OUEST,SFAX,6,6,6,0
SFX1143,SFAX OUEST,SFAX,3,3,0,6
SFX1144,SFAX OUEST,SFAX,6,6,6,6
SFX1145,SFAX OUEST,SFAX,6,6,6,6
SFX1156,SFAX OUEST,SFAX,6,3,6,0
SFX1166,SFAX OUEST,SFAX,7,3,0,0
SFX1167,SFAX OUEST,SFAX,6,6,6,6
SFX1177,SFAX OUEST,SFAX,5,6,6,0
SFX1189,SFAX OUEST,SFAX,5,3,0,6
SFX1207,SFAX OUEST,SFAX,4,9,6,0
SFX1208,SFAX OUEST,SFAX,4,9,0,6
SFX1209,SFAX OUEST,SFAX,7,12,0,0
SFX1210,SFAX OUEST,SFAX,6,3,6,6
SFX1239,SFAX OUEST,SFAX,5,9,6,6
SFX1266,SFAX OUEST,SFAX,5,3,6,0
SFX1307,SFAX OUEST,SFAX,4,3,0,6
SFX2030,SFAX OUEST,SFAX,1,0,0,0
SFX1022,SFAX SUD,SFAX,4,9,6,6
SFX1023,SFAX SUD,SFAX,5,4,4,6
SFX1024,SFAX SUD,SFAX,5,3,3,6
SFX1062,SFAX SUD,SFAX,3,3,6,6
SFX1065,SFAX SUD,SFAX,6,8,8,0
SFX1096,SFAX SUD,SFAX,5,9,6,0
SFX1097,SFAX SUD,SFAX,5,4,8,6
SFX1098,SFAX SUD,SFAX,5,3,3,0
SFX1103,SFAX SUD,SFAX,4,9,0,6
SFX1117,SFAX SUD,SFAX,4,4,0,0
SFX1118,SFAX SUD,SFAX,6,3,6,0
SFX1121,SFAX SUD,SFAX,4,4,8,6
SFX1122,SFAX SUD,SFAX,3,9,6,6
SFX1150,SFAX SUD,SFAX,7,7,8,0
SFX1169,SFAX SUD,SFAX,5,2,6,0
SFX1178,SFAX SUD,SFAX,4,9,6,6
SFX1180,SFAX SUD,SFAX,4,12,4,0
SFX1202,SFAX SUD,SFAX,5,9,0,0
SFX1213,SFAX SUD,SFAX,5,9,0,0
SFX1214,SFAX SUD,SFAX,4,9,6,0
SFX1216,SFAX SUD,SFAX,8,7,8,6
SFX1218,SFAX SUD,SFAX,5,2,8,0
SFX1244,SFAX SUD,SFAX,4,12,0,6
SFX1245,SFAX SUD,SFAX,5,9,6,6
SFX1246,SFAX SUD,SFAX,5,9,6,6
SFX1248,SFAX SUD,SFAX,5,9,0,0
SFX1251,SFAX SUD,SFAX,6,2,8,6
SFX1255,SFAX SUD,SFAX,3,3,0,0
SFX1264,SFAX SUD,SFAX,4,2,0,6
SFX1265,SFAX SUD,SFAX,3,9,6,0
SFX1268,SFAX SUD,SFAX,3,9,0,6
SFX1269,SFAX SUD,SFAX,3,3,0,0
SFX1301,SFAX SUD,SFAX,5,3,6,0
SFX1314,SFAX SUD,SFAX,8,12,6,6
SFX1095,SFAX SUD,SFAX,#N/A,#N/A,#N/A,0
SFX1298,SFAX SUD,SFAX,3,9,9,0
GAF1025,SIDI AICH,GAFSA,6,13,0,0
GAF1013,SIDI ALI BEN AO[N,SIDI BOUZID,2,6,0,0
SBO1006,SIDI ALI BEN AO[N,SIDI BOUZID,5,15,6,0
SBO1046,SIDI ALI BEN AO[N,SIDI BOUZID,3,12,0,0
SBO1047,SIDI ALI BEN AO[N,SIDI BOUZID,3,12,0,0
SBO1049,SIDI ALI BEN AO[N,SIDI BOUZID,3,12,0,0
MAH1021,SIDI ALOUANE,MAHDIA,6,18,0,0
MAH1025,SIDI ALOUANE,MAHDIA,6,21,8,0
MAH1030,SIDI ALOUANE,MAHDIA,5,18,0,0
KAI1014,SIDI AMOR BOU HAJLA,KAIROUAN,5,6,6,0
KAI1037,SIDI AMOR BOU HAJLA,KAIROUAN,4,6,6,0
KAI1041,SIDI AMOR BOU HAJLA,KAIROUAN,4,12,0,0
KAI1042,SIDI AMOR BOU HAJLA,KAIROUAN,5,18,0,0
KAI1047,SIDI AMOR BOU HAJLA,KAIROUAN,5,12,0,0
KAI1066,SIDI AMOR BOU HAJLA,KAIROUAN,6,20,0,0
KAI1075,SIDI AMOR BOU HAJLA,KAIROUAN,6,6,0,0
SOS1011,SIDI BOU ALI,SOUSSE,6,17,6,0
SOS1096,SIDI BOU ALI,SOUSSE,6,12,6,0
SOS1110,SIDI BOU ALI,SOUSSE,6,14,0,0
SOS1139,SIDI BOU ALI,SOUSSE,5,15,6,0
SOS1144,SIDI BOU ALI,SOUSSE,5,12,0,0
SBO1015,SIDI BOUZID EST,SIDI BOUZID,3,11,0,0
SBO1018,SIDI BOUZID EST,SIDI BOUZID,6,15,6,0
SBO1019,SIDI BOUZID EST,SIDI BOUZID,3,9,0,0
SBO1039,SIDI BOUZID EST,SIDI BOUZID,5,15,0,0
SBO1041,SIDI BOUZID EST,SIDI BOUZID,4,15,0,0
SBO1001,SIDI BOUZID OUEST,SIDI BOUZID,6,18,6,0
SBO1002,SIDI BOUZID OUEST,SIDI BOUZID,5,17,6,0
SBO1023,SIDI BOUZID OUEST,SIDI BOUZID,6,14,6,0
SBO1028,SIDI BOUZID OUEST,SIDI BOUZID,6,17,6,0
SBO1038,SIDI BOUZID OUEST,SIDI BOUZID,3,0,0,0
SBO1042,SIDI BOUZID OUEST,SIDI BOUZID,5,17,8,0
SBO1050,SIDI BOUZID OUEST,SIDI BOUZID,4,17,6,0
SBO1027,SIDI BOUZID OUEST,SIDI BOUZID,4,16,8,0
SBO1033,SIDI BOUZID OUEST,SIDI BOUZID,6,12,6,0
SBO1068,SIDI BOUZID OUEST,SIDI BOUZID,3,9,0,0
SBO1060,SIDI BOUZID OUEST,SIDI BOUZID,3,9,3,0
TUN1009,SIDI EL BECHIR,TUNIS,6,15,6,6
TUN1055,SIDI EL BECHIR,TUNIS,6,12,9,0
TUN1056,SIDI EL BECHIR,TUNIS,6,6,9,0
TUN1074,SIDI EL BECHIR,TUNIS,4,15,9,0
TUN1078,SIDI EL BECHIR,TUNIS,6,15,9,0
TUN1197,SIDI EL BECHIR,TUNIS,6,18,9,0
TUN1251,SIDI EL BECHIR,TUNIS,6,12,9,0
TUN1257,SIDI EL BECHIR,TUNIS,3,11,6,0
TUN2030,SIDI EL BECHIR,TUNIS,#N/A,#N/A,#N/A,0
TUN2095,SIDI EL BECHIR,TUNIS,#N/A,#N/A,#N/A,0
TUN2177,SIDI EL BECHIR,TUNIS,#N/A,#N/A,#N/A,0
SOS1021,SIDI EL HENI,SOUSSE,4,10,0,0
SOS1119,SIDI EL HENI,SOUSSE,7,18,0,0
SOS1147,SIDI EL HENI,SOUSSE,8,18,0,0
BAR1149,SIDI HASSINE,TUNIS,4,18,9,0
TUN1101,SIDI HASSINE,TUNIS,6,16,9,6
TUN1163,SIDI HASSINE,TUNIS,7,22,9,0
TUN1206,SIDI HASSINE,TUNIS,6,16,9,6
TUN1273,SIDI HASSINE,TUNIS,4,15,9,6
TUN1303,SIDI HASSINE,TUNIS,6,9,6,6
TUN1338,SIDI HASSINE,TUNIS,6,8,0,6
TUN1340,SIDI HASSINE,TUNIS,5,18,9,6
TUN1377,SIDI HASSINE,TUNIS,4,9,0,6
TUN1388,SIDI HASSINE,TUNIS,6,16,9,6
TUN1390,SIDI HASSINE,TUNIS,4,15,9,6
TUN1392,SIDI HASSINE,TUNIS,6,12,9,6
TUN1404,SIDI HASSINE,TUNIS,6,16,9,6
TUN1432,SIDI HASSINE,TUNIS,4,9,6,6
TUN1442,SIDI HASSINE,TUNIS,4,12,6,0
TUN1449,SIDI HASSINE,TUNIS,5,18,9,0
TUN1478,SIDI HASSINE,TUNIS,5,9,6,0
TUN1488,SIDI HASSINE,TUNIS,6,17,9,6
TUN2224,SIDI HASSINE,TUNIS,1,1,0,0
TUN1726,SIDI HASSINE,TUNIS,3,9,0,0
GAB1018,SIDI MAKHLOUF,MEDNINE,4,6,0,0
MED1051,SIDI MAKHLOUF,MEDNINE,4,12,0,0
MED1054,SIDI MAKHLOUF,MEDNINE,6,18,6,0
MED1076,SIDI MAKHLOUF,MEDNINE,4,15,0,0
MED1101,SIDI MAKHLOUF,MEDNINE,7,22,0,0
TUN1090,SIDI THABET,ARIANA,7,12,12,0
TUN1250,SIDI THABET,ARIANA,5,9,0,0
TUN1350,SIDI THABET,ARIANA,#N/A,#N/A,#N/A,0
TUN1358,SIDI THABET,ARIANA,3,9,0,0
TUN1458,SIDI THABET,ARIANA,5,9,0,0
TUN1472,SIDI THABET,ARIANA,3,9,0,0
TUN1781,SIDI THABET,ARIANA,6,9,0,0
TUN1075,SIDJOUMI,TUNIS,5,15,9,6
TUN1146,SIDJOUMI,TUNIS,6,16,6,0
TUN1215,SIDJOUMI,TUNIS,3,8,0,0
TUN1301,SIDJOUMI,TUNIS,6,18,9,0
TUN1409,SIDJOUMI,TUNIS,5,18,9,0
TUN1479,SIDJOUMI,TUNIS,3,12,0,0
SLO1002,SILIANA NORD,SILIANA,6,9,6,0
SLO1014,SILIANA NORD,SILIANA,6,9,0,0
SLO1020,SILIANA NORD,SILIANA,5,9,6,0
SLO1022,SILIANA NORD,SILIANA,4,6,0,0
SLO1037,SILIANA NORD,SILIANA,4,8,0,0
SLO1053,SILIANA NORD,SILIANA,6,12,0,0
SLT1070,SILIANA NORD,SILIANA,6,9,0,0
SLT1095,SILIANA NORD,SILIANA,6,12,0,0
SLT1096,SILIANA NORD,SILIANA,6,9,0,0
SLT1097,SILIANA NORD,SILIANA,6,9,0,0
SLT1078,SILIANA NORD,SILIANA,#N/A,#N/A,#N/A,0
SIL1002,SILIANA NORD,SILIANA,#N/A,#N/A,#N/A,0
SIL1020,SILIANA NORD,SILIANA,#N/A,#N/A,#N/A,0
SIL1053,SILIANA NORD,SILIANA,#N/A,#N/A,#N/A,0
SLO1016,SILIANA SUD,SILIANA,6,9,0,0
SLO1040,SILIANA SUD,SILIANA,4,6,0,0
SLO1047,SILIANA SUD,SILIANA,6,9,0,0
SLT1073,SILIANA SUD,SILIANA,6,9,0,0
SLT1075,SILIANA SUD,SILIANA,4,6,0,0
SLT1088,SILIANA SUD,SILIANA,4,6,0,0
SLT1091,SILIANA SUD,SILIANA,6,9,0,0
SIL1052,SILIANA SUD,SILIANA,#N/A,#N/A,#N/A,0
GAB1017,SKHIRA,SFAX,5,16,0,0
GAB1001,SKHIRA,SFAX,6,12,0,0
GAB1038,SKHIRA,SFAX,4,6,6,0
GAB1047,SKHIRA,SFAX,8,6,8,0
GAB1062,SKHIRA,SFAX,4,6,0,0
GAB1087,SKHIRA,SFAX,6,6,6,0
SFX1217,SKHIRA,SFAX,5,12,0,0
SFX1242,SKHIRA,SFAX,6,3,6,0
TAT1012,SMAR,TATAOUINE,5,14,0,0
TAT1013,SMAR,TATAOUINE,8,20,8,0
BAR1015,SOLIMAN,NABEUL,6,12,6,0
BAR1093,SOLIMAN,NABEUL,5,16,6,6
BAR1152,SOLIMAN,NABEUL,6,14,6,0
NAB1024,SOLIMAN,NABEUL,7,12,0,0
NAB1025,SOLIMAN,NABEUL,6,12,6,0
NAB1026,SOLIMAN,NABEUL,8,17,8,0
NAB1094,SOLIMAN,NABEUL,5,16,6,0
NAB1117,SOLIMAN,NABEUL,6,12,0,0
NAB1136,SOLIMAN,NABEUL,3,6,4,0
NAB1152,SOLIMAN,NABEUL,8,20,0,0
NAB1174,SOLIMAN,NABEUL,6,16,6,0
NAB1183,SOLIMAN,NABEUL,5,16,6,0
NAB1189,SOLIMAN,NABEUL,5,12,6,0
NAB1219,SOLIMAN,NABEUL,6,15,0,0
NAB1276,SOLIMAN,NABEUL,3,12,6,0
KEB1001,SOUK EL AHED,KEBILI,3,10,0,0
KEB1002,SOUK EL AHED,KEBILI,4,12,4,0
KEB1023,SOUK EL AHED,KEBILI,4,11,4,0
KEB1028,SOUK EL AHED,KEBILI,2,6,0,0
SBO1016,SOUK JEDID,SIDI BOUZID,3,10,4,0
SBO1017,SOUK JEDID,SIDI BOUZID,2,6,0,0
SBO1045,SOUK JEDID,SIDI BOUZID,4,12,0,0
SBO1051,SOUK JEDID,SIDI BOUZID,4,14,0,0
TUN1471,SOUKRA,ARIANA,4,16,8,0
TUN1041,SOUKRA,ARIANA,4,6,6,0
TUN1058,SOUKRA,ARIANA,4,15,9,6
TUN1059,SOUKRA,ARIANA,6,12,6,6
TUN1060,SOUKRA,ARIANA,6,15,9,6
TUN1064,SOUKRA,ARIANA,6,12,12,6
TUN1073,SOUKRA,ARIANA,#N/A,#N/A,#N/A,0
TUN1102,SOUKRA,ARIANA,5,12,12,6
TUN1124,SOUKRA,ARIANA,6,8,12,6
TUN1180,SOUKRA,ARIANA,#N/A,#N/A,#N/A,0
TUN1181,SOUKRA,ARIANA,4,12,6,6
TUN1184,SOUKRA,ARIANA,4,15,9,6
TUN1190,SOUKRA,ARIANA,6,18,9,6
TUN1208,SOUKRA,ARIANA,6,9,6,6
TUN1222,SOUKRA,ARIANA,5,9,6,6
TUN1223,SOUKRA,ARIANA,5,8,12,0
TUN1270,SOUKRA,ARIANA,4,15,9,6
TUN1282,SOUKRA,ARIANA,4,12,9,6
TUN1318,SOUKRA,ARIANA,5,12,0,0
TUN1322,SOUKRA,ARIANA,5,12,9,6
TUN1333,SOUKRA,ARIANA,6,12,9,6
TUN1334,SOUKRA,ARIANA,7,22,9,0
TUN1349,SOUKRA,ARIANA,5,9,6,0
TUN1353,SOUKRA,ARIANA,5,12,9,6
TUN1401,SOUKRA,ARIANA,6,15,9,6
TUN1408,SOUKRA,ARIANA,6,15,9,6
TUN1447,SOUKRA,ARIANA,5,15,9,6
TUN1454,SOUKRA,ARIANA,4,12,9,6
TUN1456,SOUKRA,ARIANA,6,15,9,0
TUN1473,SOUKRA,ARIANA,4,12,3,6
TUN1476,SOUKRA,ARIANA,6,12,9,6
TUN1495,SOUKRA,ARIANA,3,15,9,0
TUN1650,SOUKRA,ARIANA,6,20,12,0
TUN1695,SOUKRA,ARIANA,5,15,6,0
TUN1747,SOUKRA,ARIANA,3,15,6,0
TUN1213,SOUKRA,ARIANA,#N/A,#N/A,#N/A,0
TUN1667,SOUKRA,ARIANA,6,12,6,0
TUN1786,SOUKRA,ARIANA,4,24,12,6
TUN1677,SOUKRA,ARIANA,6,9,6,0
TUN1789,SOUKRA,ARIANA,3,9,6,0
TUN1798,SOUKRA,ARIANA,8,12,0,6
TUN2753,SOUKRA,ARIANA,1,2,0,0
SOS1501,SOUSSE JAWHARA,SOUSSE,6,18,6,0
SOS1008,SOUSSE JAWHARA,SOUSSE,8,16,8,6
SOS1018,SOUSSE JAWHARA,SOUSSE,6,16,6,6
SOS1030,SOUSSE JAWHARA,SOUSSE,6,16,6,6
SOS1051,SOUSSE JAWHARA,SOUSSE,6,13,6,6
SOS1052,SOUSSE JAWHARA,SOUSSE,6,15,6,6
SOS1055,SOUSSE JAWHARA,SOUSSE,6,16,6,6
SOS1056,SOUSSE JAWHARA,SOUSSE,6,15,6,6
SOS1058,SOUSSE JAWHARA,SOUSSE,7,12,8,6
SOS1071,SOUSSE JAWHARA,SOUSSE,6,12,0,6
SOS1073,SOUSSE JAWHARA,SOUSSE,6,15,6,6
SOS1074,SOUSSE JAWHARA,SOUSSE,7,20,6,6
SOS1085,SOUSSE JAWHARA,SOUSSE,6,15,6,6
SOS1112,SOUSSE JAWHARA,SOUSSE,4,15,6,6
SOS1121,SOUSSE JAWHARA,SOUSSE,6,17,6,6
SOS1123,SOUSSE JAWHARA,SOUSSE,6,13,0,0
SOS1127,SOUSSE JAWHARA,SOUSSE,6,12,6,6
SOS1159,SOUSSE JAWHARA,SOUSSE,7,20,8,0
SOS1164,SOUSSE JAWHARA,SOUSSE,5,12,0,0
SOS1500,SOUSSE JAWHARA,SOUSSE,#N/A,#N/A,#N/A,0
SOS1199,SOUSSE JAWHARA,SOUSSE,6,12,6,0
SOS1225,SOUSSE JAWHARA,SOUSSE,3,12,9,0
SOS1001,SOUSSE MEDINA,SOUSSE,8,17,8,0
SOS1005,SOUSSE MEDINA,SOUSSE,8,17,8,6
SOS1016,SOUSSE MEDINA,SOUSSE,6,15,6,6
SOS1029,SOUSSE MEDINA,SOUSSE,#N/A,#N/A,#N/A,6
SOS1041,SOUSSE MEDINA,SOUSSE,6,15,6,0
SOS1053,SOUSSE MEDINA,SOUSSE,4,10,4,0
SOS1054,SOUSSE MEDINA,SOUSSE,6,15,6,6
SOS1069,SOUSSE MEDINA,SOUSSE,6,16,6,0
SOS1097,SOUSSE MEDINA,SOUSSE,6,15,6,6
SOS1125,SOUSSE MEDINA,SOUSSE,5,15,6,0
SOS1145,SOUSSE MEDINA,SOUSSE,8,20,8,6
SOS1158,SOUSSE MEDINA,SOUSSE,6,15,6,0
SOS2007,SOUSSE MEDINA,SOUSSE,#N/A,#N/A,#N/A,0
SOS2010,SOUSSE MEDINA,SOUSSE,#N/A,#N/A,#N/A,0
SOS2027,SOUSSE MEDINA,SOUSSE,1,0,0,0
SOS2030,SOUSSE MEDINA,SOUSSE,2,2,2,0
SOS2006,SOUSSE MEDINA,SOUSSE,#N/A,#N/A,#N/A,0
SOS2008,SOUSSE MEDINA,SOUSSE,#N/A,#N/A,#N/A,0
SOS2009,SOUSSE MEDINA,SOUSSE,#N/A,#N/A,#N/A,0
SOS1228,SOUSSE MEDINA,SOUSSE,3,12,6,0
SOS1003,SOUSSE RIADH,SOUSSE,8,22,8,6
SOS1032,SOUSSE RIADH,SOUSSE,6,16,6,6
SOS1034,SOUSSE RIADH,SOUSSE,6,16,6,0
SOS1047,SOUSSE RIADH,SOUSSE,6,16,6,6
SOS1048,SOUSSE RIADH,SOUSSE,6,13,6,6
SOS1081,SOUSSE RIADH,SOUSSE,6,15,6,0
SOS1086,SOUSSE RIADH,SOUSSE,6,17,6,0
SOS1099,SOUSSE RIADH,SOUSSE,6,15,6,6
SOS1100,SOUSSE RIADH,SOUSSE,6,16,6,6
SOS1135,SOUSSE RIADH,SOUSSE,6,14,0,6
SOS1154,SOUSSE RIADH,SOUSSE,6,16,6,0
SOS1160,SOUSSE RIADH,SOUSSE,6,15,6,6
SOS1166,SOUSSE RIADH,SOUSSE,6,15,6,0
SOS1196,SOUSSE RIADH,SOUSSE,6,18,6,0
SOS1206,SOUSSE RIADH,SOUSSE,6,12,0,0
SOS1006,SOUSSE SIDI ABDELHAMID,SOUSSE,6,17,6,6
SOS1017,SOUSSE SIDI ABDELHAMID,SOUSSE,4,12,4,0
SOS1031,SOUSSE SIDI ABDELHAMID,SOUSSE,8,13,8,0
SOS1044,SOUSSE SIDI ABDELHAMID,SOUSSE,6,15,6,0
SOS1045,SOUSSE SIDI ABDELHAMID,SOUSSE,6,15,6,0
SOS1046,SOUSSE SIDI ABDELHAMID,SOUSSE,6,12,6,0
SOS1050,SOUSSE SIDI ABDELHAMID,SOUSSE,6,15,6,6
SOS1143,SOUSSE SIDI ABDELHAMID,SOUSSE,3,12,0,0
SOS1165,SOUSSE SIDI ABDELHAMID,SOUSSE,4,15,0,0
SOS1214,SOUSSE SIDI ABDELHAMID,SOUSSE,6,16,6,0
SOS2038,SOUSSE SIDI ABDELHAMID,SOUSSE,1,1,0,0
SOS1134,SOUSSE SIDI ABDELHAMID,SOUSSE,6,12,6,0
SOS1198,SOUSSE SIDI ABDELHAMID,SOUSSE,6,12,6,0
JEN1001,TABARKA,JENDOUBA,6,12,6,0
JEN1002,TABARKA,JENDOUBA,5,14,6,0
JEN1005,TABARKA,JENDOUBA,5,14,6,0
JEN1007,TABARKA,JENDOUBA,3,12,6,0
JEN1019,TABARKA,JENDOUBA,6,12,3,0
JEN1020,TABARKA,JENDOUBA,2,6,0,0
JEN1028,TABARKA,JENDOUBA,6,14,6,0
JEN1029,TABARKA,JENDOUBA,4,6,0,0
JEN1037,TABARKA,JENDOUBA,3,6,0,0
JEN1066,TABARKA,JENDOUBA,6,12,6,0
JEN2001,TABARKA,JENDOUBA,1,2,0,0
JEN1078,TABARKA,JENDOUBA,6,9,0,0
JEN1051,TABARKA,JENDOUBA,3,15,6,0
JEN1086,TABARKA,JENDOUBA,3,15,6,0
KEF1015,TAJEROUINE,KEF,2,10,0,0
KEF1023,TAJEROUINE,KEF,3,11,0,0
KEF1024,TAJEROUINE,KEF,6,12,6,0
KEF1048,TAJEROUINE,KEF,5,12,6,0
NAB1083,TAKELSA,NABEUL,6,15,0,0
NAB1087,TAKELSA,NABEUL,6,18,6,0
NAB1158,TAKELSA,NABEUL,6,18,6,0
NAB1180,TAKELSA,NABEUL,6,13,0,0
NAB1211,TAKELSA,NABEUL,4,12,0,0
TOZ1014,TAMAGHZA,TOZEUR,3,6,0,0
TOZ1015,TAMAGHZA,TOZEUR,3,11,0,0
TOZ1018,TAMAGHZA,TOZEUR,2,4,0,0
TOZ1026,TAMAGHZA,TOZEUR,4,11,0,0
TAT1001,TATAOUINE SUD,TATAOUINE,3,12,0,0
TAT1003,TATAOUINE SUD,TATAOUINE,6,15,3,0
TAT1004,TATAOUINE SUD,TATAOUINE,6,18,6,0
TAT1005,TATAOUINE SUD,TATAOUINE,6,18,6,0
TAT1008,TATAOUINE SUD,TATAOUINE,6,18,6,0
TAT1021,TATAOUINE SUD,TATAOUINE,5,18,0,0
TAT1022,TATAOUINE SUD,TATAOUINE,4,12,4,0
TAT1024,TATAOUINE SUD,TATAOUINE,3,6,0,0
TAT1030,TATAOUINE SUD,TATAOUINE,5,14,0,0
TAT1031,TATAOUINE SUD,TATAOUINE,6,15,0,0
TAT1032,TATAOUINE SUD,TATAOUINE,3,12,0,0
TAT1042,TATAOUINE SUD,TATAOUINE,5,18,0,0
TAT1006,TATOUINE NORD,TATAOUINE,6,18,6,0
TAT1007,TATOUINE NORD,TATAOUINE,4,14,6,0
TAT1009,TATOUINE NORD,TATAOUINE,4,14,6,0
TAT1014,TATOUINE NORD,TATAOUINE,3,4,0,0
TAT1023,TATOUINE NORD,TATAOUINE,5,14,6,0
TAT1025,TATOUINE NORD,TATAOUINE,3,12,0,0
TAT1027,TATOUINE NORD,TATAOUINE,2,6,0,0
TAT1033,TATOUINE NORD,TATAOUINE,2,6,0,0
TAT1040,TATOUINE NORD,TATAOUINE,6,15,6,0
TAT1053,TATOUINE NORD,TATAOUINE,3,12,0,0
TAT2001,TATOUINE NORD,TATAOUINE,#N/A,#N/A,#N/A,0
TAT1046,TATOUINE NORD,TATAOUINE,3,12,6,0
TAT1048,TATOUINE NORD,TATAOUINE,3,12,6,0
MON1014,TEBOULBA,MONASTIR,5,14,6,0
MON1044,TEBOULBA,MONASTIR,4,6,0,0
MON1045,TEBOULBA,MONASTIR,5,12,6,0
MON1046,TEBOULBA,MONASTIR,3,10,0,0
MON1069,TEBOULBA,MONASTIR,6,12,6,0
MON1073,TEBOULBA,MONASTIR,4,10,4,0
MON1091,TEBOULBA,MONASTIR,4,13,0,0
BEJ1035,TEBOURBA,MANOUBA,6,18,0,0
TUN1110,TEBOURBA,MANOUBA,8,8,12,0
TUN1202,TEBOURBA,MANOUBA,5,6,0,0
TUN1289,TEBOURBA,MANOUBA,5,9,6,0
TUN1321,TEBOURBA,MANOUBA,4,12,9,0
TUN1356,TEBOURBA,MANOUBA,5,14,9,0
TUN1417,TEBOURBA,MANOUBA,4,17,9,0
TUN1445,TEBOURBA,MANOUBA,5,9,6,0
TUN1602,TEBOURBA,MANOUBA,6,12,0,0
BEJ1013,TEBOURSOUK,BEJA,6,12,0,0
BEJ1028,TEBOURSOUK,BEJA,5,12,0,0
BEJ1039,TEBOURSOUK,BEJA,2,12,0,0
BEJ1005,TESTOUR,BEJA,5,12,0,0
BEJ1017,TESTOUR,BEJA,4,10,0,0
BEJ1018,TESTOUR,BEJA,3,10,0,0
BEJ1020,TESTOUR,BEJA,8,17,8,0
BEJ1031,TESTOUR,BEJA,3,6,0,0
BEJ1036,TESTOUR,BEJA,4,11,0,0
BEJ1042,TESTOUR,BEJA,3,9,0,0
KAS1015,THALA,KASSERINE,6,16,0,0
KAS1016,THALA,KASSERINE,8,17,8,0
KAS1030,THALA,KASSERINE,3,10,0,0
KAS1038,THALA,KASSERINE,2,6,0,0
KAS1046,THALA,KASSERINE,3,12,0,0
KEF1005,THALA,KASSERINE,3,9,0,0
BEJ1014,THIBAR,BEJA,5,12,0,0
BEJ1019,THIBAR,BEJA,5,12,3,0
SFX1026,THINA,SFAX,3,9,0,0
SFX1030,THINA,SFAX,6,6,8,0
SFX1061,THINA,SFAX,3,4,6,0
SFX1072,THINA,SFAX,3,9,0,0
SFX1088,THINA,SFAX,4,6,6,0
SFX1099,THINA,SFAX,5,4,3,0
SFX1100,THINA,SFAX,4,5,6,0
SFX1113,THINA,SFAX,5,9,0,0
SFX1163,THINA,SFAX,6,5,6,0
SFX1171,THINA,SFAX,3,9,6,0
SFX1176,THINA,SFAX,5,5,6,0
SFX1229,THINA,SFAX,6,6,6,0
SFX1240,THINA,SFAX,3,9,0,0
SFX1267,THINA,SFAX,5,5,8,0
SFX1308,THINA,SFAX,5,4,0,0
SFX2003,THINA,SFAX,1,1,0,0
BIZ1028,TINJA,BIZERTE,7,22,8,0
BIZ1078,TINJA,BIZERTE,6,10,3,0
BIZ1101,TINJA,BIZERTE,4,12,0,0
BIZ1117,TINJA,BIZERTE,5,12,6,0
TOZ1001,TOZEUR,TOZEUR,6,16,6,0
TOZ1002,TOZEUR,TOZEUR,4,12,6,0
TOZ1003,TOZEUR,TOZEUR,4,13,0,0
TOZ1004,TOZEUR,TOZEUR,5,13,6,0
TOZ1005,TOZEUR,TOZEUR,5,15,6,0
TOZ1010,TOZEUR,TOZEUR,3,9,0,0
TOZ1020,TOZEUR,TOZEUR,6,16,6,0
TOZ1021,TOZEUR,TOZEUR,6,18,0,0
TOZ1024,TOZEUR,TOZEUR,6,14,3,0
TOZ2001,TOZEUR,TOZEUR,1,0,0,0
TOZ1034,TOZEUR,TOZEUR,3,12,6,0
BIZ1020,UTIQUE,BIZERTE,3,6,0,0
BIZ1029,UTIQUE,BIZERTE,5,12,0,0
BIZ1071,UTIQUE,BIZERTE,7,17,8,0
BIZ1100,UTIQUE,BIZERTE,5,18,0,0
BIZ1113,UTIQUE,BIZERTE,4,11,0,0
TUN1070,UTIQUE,BIZERTE,5,18,0,0
ZGO1001,ZAGHOUAN,ZAGHOUAN,4,9,6,0
ZGO1002,ZAGHOUAN,ZAGHOUAN,4,9,6,0
ZGO1003,ZAGHOUAN,ZAGHOUAN,3,9,6,0
ZGO1014,ZAGHOUAN,ZAGHOUAN,3,9,0,0
ZGO1032,ZAGHOUAN,ZAGHOUAN,4,9,0,0
ZGT1045,ZAGHOUAN,ZAGHOUAN,4,9,0,0
ZGT1046,ZAGHOUAN,ZAGHOUAN,5,9,0,0
ZGT1047,ZAGHOUAN,ZAGHOUAN,4,9,0,0
ZGT1048,ZAGHOUAN,ZAGHOUAN,6,3,0,0
ZGT1049,ZAGHOUAN,ZAGHOUAN,6,9,6,0
ZGT1060,ZAGHOUAN,ZAGHOUAN,4,6,0,0
ZGT1071,ZAGHOUAN,ZAGHOUAN,3,9,0,0
MED1031,ZARZIS,MEDNINE,6,13,6,0
MED1032,ZARZIS,MEDNINE,6,12,0,0
MED1033,ZARZIS,MEDNINE,5,12,3,0
MED1034,ZARZIS,MEDNINE,4,10,4,0
MED1035,ZARZIS,MEDNINE,8,20,8,0
MED1036,ZARZIS,MEDNINE,4,12,6,0
MED1037,ZARZIS,MEDNINE,6,15,6,0
MED1038,ZARZIS,MEDNINE,4,13,6,0
MED1039,ZARZIS,MEDNINE,3,14,6,0
MED1040,ZARZIS,MEDNINE,5,17,0,0
MED1041,ZARZIS,MEDNINE,6,14,0,0
MED1042,ZARZIS,MEDNINE,5,16,6,0
MED1043,ZARZIS,MEDNINE,4,12,6,0
MED1044,ZARZIS,MEDNINE,3,14,6,0
MED1045,ZARZIS,MEDNINE,5,14,0,0
MED1046,ZARZIS,MEDNINE,3,12,0,0
MED1050,ZARZIS,MEDNINE,6,16,6,0
MED1058,ZARZIS,MEDNINE,5,16,0,0
MED1070,ZARZIS,MEDNINE,6,14,6,0
MED1086,ZARZIS,MEDNINE,5,14,0,0
MED1097,ZARZIS,MEDNINE,5,14,6,0
MED1113,ZARZIS,MEDNINE,5,21,0,0
MED1114,ZARZIS,MEDNINE,5,12,6,0
MED1120,ZARZIS,MEDNINE,2,6,0,0
MED1121,ZARZIS,MEDNINE,4,12,0,0
MED1124,ZARZIS,MEDNINE,5,12,0,0
MED1134,ZARZIS,MEDNINE,5,16,8,0
MED1143,ZARZIS,MEDNINE,3,15,0,0
MED1148,ZARZIS,MEDNINE,5,15,6,0
MED1145,ZARZIS,MEDNINE,6,12,0,0
MED1147,ZARZIS,MEDNINE,6,12,0,0
BIZ1003,ZARZOUNA,BIZERTE,8,21,6,6
BIZ1080,ZARZOUNA,BIZERTE,7,17,8,6
BIZ1081,ZARZOUNA,BIZERTE,8,22,8,6
MON1017,ZERAMDINE,MONASTIR,6,22,8,0
MON1027,ZERAMDINE,MONASTIR,5,15,0,0
MON1081,ZERAMDINE,MONASTIR,6,18,0,0
MON1060,ZERAMDINE,MONASTIR,6,12,0,0
MON1125,ZERAMDINE,MONASTIR,3,12,6,0
TAT1079,TATAOUINE SUD,TATAOUINE,3,12,9,0
BIZ1168,MENZEL DJEMIL,BIZERTE,8,16,12,0
BAR1240,MOUROUJ,BEN AROUS,6,12,12,0
BAR2014,FOUCHANA,BEN AROUS,2,4,0,0
KAI1113,KAIROUAN NORD,KAIROUAN,3,9,9,0
TUN1777,EL BATTANE,MANOUBA,3,9,9,0
GAB1130,GABES SUD,GABES,5,12,6,0
SBO1067,BIR EL HFAY,SIDI BOUZID,1,12,9,0
SFX1326,SFAX MEDINA,SFAX,8,16,12,0
BAR1223,DJEBEL DJELOUD,TUNIS,3,9,9,0
SFX1330,SAKIET EZZIT,SFAX,8,16,12,0
MAH1102,KSOUR ESSAF,MAHDIA,4,16,12,0
MAH1077,KSOUR ESSAF,MAHDIA,3,12,9,0
BIZ2010,MATEUR,BIZERTE,2,2,0,0
TUN2246,SOUKRA,TUNIS,2,4,0,0
BEJ1066,BEJA NORD,BEJA,3,12,9,0
KAS1068,KASSERINE SUD,KASSERINE,3,12,9,0
TOZ1023,DEGUECHE,TOZEUR,3,12,9,0
MAH1127,ESSOUASSI,MAHDIA,3,12,9,0
SFX1227,SFAX MEDINA,SFAX,8,16,12,0
SOS1188,SOUSSE SIDI ABDELHAMID,SOUSSE,3,9,9,0
BAR1263,FOUCHANA,BEN AROUS,3,9,9,0
MAH1080,MAHDIA,MAHDIA,8,14,5,0
KEB1047,KEBILI SUD,KEBILI,3,12,9,0
GAB1128,SKHIRA,SFAX,3,12,9,0
SFX1131,SFAX SUD,SFAX,4,16,12,0
MAH1069,MAHDIA,MAHDIA,3,12,6,0
TUN1755,LE_KRAM,TUNIS,4,12,8,0
SOS1129,SOUSSE VILLE,SOUSSE,4,12,12,0
SOS1170,SOUSSE SIDI ABDELHAMID,SOUSSE,3,9,9,0
BAR1224,BEN AROUS,BEN AROUS,3,9,9,0
TUN1643,SIDJOUMI,MANOUBA,3,9,9,0
MON1132,MONASTIR,Monastir,8,16,12,0
SOS1124,AKOUDA,Sousse,6,12,9,0
SOS1155,HAMMAM SOUSSE,Sousse,8,12,12,0
TUN1255,CITE EL KHADRA,TUNIS,6,12,12,0
BAR1142,MOUROUJ,BEN AROUS,8,12,12,0
TUN2245,,TUNIS,3,6,9,0
JEN1075,JENDOUBA NORD,Jendouba,3,6,9,0
TUN2646,,TUNIS,3,6,9,0
GAF1082,METLAOUI,GAFSA,3,12,9,0
MON1135,SAYADA LAMTA BOUHJAR,MONASTIR,3,12,12,0
MED1144,ZARZIS,MEDNINE,3,12,6,0
MAH1126,ESSOUASSI,MAHDIA,6,12,9,0
JEN1079,FERNANA,Jendouba,3,12,0,0
TUN1717,SIDI HASSINE,TUNIS,4,12,12,0
GAB1016,GABES MEDINA,GABES,3,9,9,0
TUN1830,RAOUED,ARIANA,4,12,12,0
BAR1247,SIDI HASSINE,BEN AROUS,3,9,9,0
GAB1093,HAMMA,GABES,4,15,12,0
TUN1833,BAB EL BHAR,TUNIS,4,12,12,0
GAF1081,METLAOUI,GAFSA,3,12,9,0
BIZ1152,MENZEL BOURGUIBA,BIZERTE,3,12,9,0
BAR1124,EZZAHRA,BEN AROUS,3,9,9,0
GAF1074,MDHILLA,GAFSA,3,12,0,0
MAH1105,Mahdia,MAHDIA,3,12,9,0
BAR1257,MORNAG,BEN AROUS,3,12,9,0
NAB1277,KELIBIA,NABEUL,3,9,9,0
GAF1051,MDHILLA,GAFSA,4,16,12,0
SFX1335,EL MAHRES,SFAX,4,12,12,0
TUN1462,EL OMRANE SUPERIEUR,TUNIS,3,12,9,0
KAS1065,FOUSSANA,KAIROUAN,4,12,8,0
TUN1765,OUED ELLIL,MANOUBA,4,12,12,0
KAI1112,KAIROUAN NORD,KAIROUAN,3,12,9,0
ZGT1075,ZAGHOUAN,ZAGHOUAN,3,9,6,0
KAS1063,KASSERINE NORD,KASSERINE,4,16,12,0
MAH1074,EL JEM,MAHDIA,4,16,12,0
MAH1120,KSOUR ESSAF,MAHDIA,3,12,9,0
TUN2249,LA GOULETTE,TUNIS,4,8,8,0
BAR1248,NOUVELLE MEDINA,BEN AROUS,3,9,9,0
BAR1265,BOU MHEL EL BASSATINE,BEN AROUS,3,9,9,0
BAR2554,,BEN AROUS,0,0,0,0
BAR2553,,BEN AROUS,N/A,N/A,N/A,0
BAR2555,,BEN AROUS,N/A,N/A,N/A,0
GAF1075,KSAR,GAFSA,3,12,9,0
SOS1116,SOUSSE VILLE,SOUSSE,3,12,9,0
MED1138,JERBA HOUMET SOUK,MEDNINE,3,9,9,0
TUN1713,CITE ETTADHAMEN,ARIANA,3,9,9,0
JEN1061,GHARDIMAOU,Jendouba,4,16,8,0
SFX1276,SAKIET EDDAIR,SFAX,6,12,9,0
BAR2561,Rades,BEN AROUS,N/A,N/A,N/A,0
GAB1134,GABES SUD,GABES,4,16,12,0
GAB1133,GABES SUD,GABES,8,16,12,0
KAS1060,EZZOUHOUR-KAS,KASSERINE,8,16,12,0
BIZ1139,BIZERTE NORD,BIZERTE,6,12,9,6
GAF1077,GAFSA NORD,GAFSA,3,12,9,0
GAB1076,GABES OUEST,GABES,3,12,9,0
BAR1157,FOUCHANA,BEN AROUS,3,9,9,0
TUN1769,CITE ETTADHAMEN,ARIANA,3,9,9,0
TUN1178,,ARIANA,N/A,N/A,N/A,0
TUN1840,RAOUED,ARIANA,3,9,9,0
TUN1834,ARIANA VILLE,ARIANA,3,9,9,0
TAT1076,TATOUINE NORD,TATAOUINE,8,16,12,0
TOZ1035,TOZEUR,TOZEUR,3,12,9,0
SFX1336,EL MAHRES,SFAX,3,12,9,0
KEB1038,KEBILI NORD,KEBILI,3,12,9,0
KEB1032,SOUK EL AHED,KEBILI,3,12,6,0
GAB1098,GABES MEDINA,GABES,8,16,12,0
TUN1778,ARIANA VILLE,ARIANA,4,12,8,0
TUN2124,ARIANA VILLE,ARIANA,1,1,0,0
TUN2185,EL MENZAH,Tunis,1,1,0,0
JEN1087,JENDOUBA,JENDOUBA,3,12,6,0
JEN1052,JENDOUBA,JENDOUBA,3,12,6,0
MON1124,BENI HASSEN,MONASTIR,3,9,9,0
MAH1116,SIDI ALOUANE,MAHDIA,4,16,12,0
BIZ1159,RAS EL DJEBEL,BIZERTE,5,12,9,0
BAR1236,FOUCHANA,BEN AROUS,3,12,9,0
JEN1188,,JENDOUBA,0,0,0,0
TAT1471,,TATAOUINE,0,0,0,0
TUN1674,SOUKRA,ARIANA,3,9,9,0
BAR1147,,BEN AROUS,0,0,0,0
SFX1253,SAKIET EDDAIR,SFAX,3,12,9,0
TUN2248,LA GOULETTE,TUNIS,2,4,0,0
SOS1219,AKOUDA,SOUSSE,3,12,9,0
SOS1502,SOUSSE VILLE,SOUSSE,4,12,12,0
MED1179,ZARZIS,MEDENINE,3,9,9,0
JEN2001,TABARKA,Jendouba,1,2,0,0
JEN1077,AIN DRAHAM,Jendouba,3,12,9,0
SOS2038,SOUSSE SIDI ABDELHAMID,Sousse,1,1,0,0
SFX1222,SFAX SUD,SFAX,6,9,9,0
TUN1821,OUED ELLIL,MANOUBA,3,12,9,0
BEJ1083,TEBOURSOUK,BEJA,4,16,12,0
TUN1645,BAB SOUIKA,TUNIS,3,9,9,0
TAT1077,TATOUINE NORD,TATAOUINE,4,12,12,0
TUN1666,EL HRAIRIA,MANOUBA,3,9,9,0
BIZ1134,RAS EL DJEBEL,BIZERTE,3,12,9,0
TUN1416,RAOUED,Ariana,3,9,9,0
TUN1812,EL HRAIRIA,Manouba,4,12,12,0
TUN1620,SOUKRA,Ariana,3,9,9,0
TAT1081,TATOUINE NORD,TATAOUINE,4,12,12,0
JEN1063,BOUSALEM,Jendouba,3,12,9,0
BAR1212,MOUROUJ,BEN AROUS,3,9,9,0
SFX1291,,SFAX,N/A,9,N/A,0
SFX1275,SAKIET EDDAIR,SFAX,4,9,9,0
SFX1309,SFAX MEDINA,SFAX,3,9,9,0
TUN1700,RAOUED,ARIANA,3,9,9,9
ZGT1078,ZAGHOUAN,ZAGHOUAN,3,9,N/A,N/A
ZGT1079,ZAGHOUAN,ZAGHOUAN,3,9,N/A,N/A
MON1090,JAMMEL,MONASTIR,3,12,9,9
TUN1696,LA MARSA,TUNIS,4,12,12,12
TUN1842,EL MEDINA,TUNIS,3,9,9,9
TUN1819,SIDI HASSINE,TUNIS,3,9,9,9
TUN1662,EL MNIHLA,ARIANA,3,9,9,9
TUN1465,LA MARSA,TUNIS,3,12,9,9
TUN1629,RAOUED,ARIANA,3,9,9,9
MON1143,MOKNINE,MONASTIR,3,9,9,9
SLO1033,SILIANA NORD,SILIANA,3,9,9,9
TUN1498,RAOUED,ARIANA,3,9,9,9
TUN1750,RAOUED,ARIANA,3,9,9,9
BAR1218,BOU MHEL EL BASSATINE,BEN AROUS,3,12,9,9
